refsnp_id	allele	chrom_start	chrom_strand	chr_name
rs260508	T/A/C/G	2187085	1	1
rs36096196	C/T	2252205	1	1
rs6671730	G/A	2339139	1	1
rs2016366	A/T	2513678	1	1
rs16823332	C/T	2920158	1	1
rs35397508	C/G/T	2990994	1	1
rs2493298	C/A	3325912	1	1
rs4908678	T/C	7739250	1	1
rs2252865	T/C	8422676	1	1
rs301816	G/A	8505058	1	1
rs67551275	T/C	9356676	1	1
rs12142043	G/A/C	10454948	1	1
rs6687430	G/A	10633245	1	1
rs284277	C/A	10790797	1	1
rs6690285	A/T	12135325	1	1
rs3013095	T/G	13798362	1	1
rs35408430	C/T	17560195	1	1
rs7529220	T/C	22282619	1	1
rs2807337	T/C/G	22577371	1	1
rs1507101	G/A	25251326	1	1
rs60097574	A/C/G	25288832	1	1
rs114165349	G/C	27021913	1	1
rs79598313	C/A/T	27284913	1	1
rs3737801	C/G	27960832	1	1
rs1565716	G/A	29549216	1	1
rs2228552	G/A/T	32165495	1	1
rs35285316	C/A/T	34691983	1	1
rs4072980	G/A/C	38456106	1	1
rs2296173	A/G	39913351	1	1
rs2885697	G/T	41544279	1	1
rs55707527	G/T	41769113	1	1
rs7522116	C/G/T	41835685	1	1
rs11210029	A/G/T	41865293	1	1
rs839755	A/C/G	43856410	1	1
rs512083	T/C	46027355	1	1
rs12142296	T/G	46541679	1	1
rs977747	T/C/G	47684677	1	1
rs4926923	T/C	48109225	1	1
rs11579440	T/C	49052423	1	1
rs657452	A/G	49589847	1	1
rs12088739	A/G	51506886	1	1
rs6681713	T/G	51527684	1	1
rs146518726	G/A	51535039	1	1
rs34232196	C/T	55489542	1	1
rs11591147	G/A/T	55505647	1	1
rs17114046	A/G	56966350	1	1
rs1041602	C/T	57013198	1	1
rs2131925	G/T	63025942	1	1
rs10889711	T/C/G	68143195	1	1
rs7531118	T/C	72837239	1	1
rs7551507	C/T	74995225	1	1
rs34517439	C/A	78450517	1	1
rs4130548	T/C	78463868	1	1
rs10923038	C/A	88651771	1	1
rs2065152	C/T	90228519	1	1
rs7514579	A/C	94051350	1	1
rs17396055	G/A	94730954	1	1
rs11165643	C/T	96924097	1	1
rs7528419	A/G	109817192	1	1
rs660240	T/C	109817838	1	1
rs602633	T/G	109821511	1	1
rs35267391	G/A	109838215	1	1
rs7515901	C/T	109839896	1	1
rs7550711	C/T	110082886	1	1
rs11102343	G/A	112382671	1	1
rs1545300	C/T	112464004	1	1
rs11806316	G/A	115753482	1	1
rs11466111	C/T	115829178	1	1
rs10858079	A/G	115899071	1	1
rs4073778	C/A	116297758	1	1
rs12078697	G/C	117015118	1	1
rs1127655	C/G/T	117530507	1	1
rs7553422	T/C	119540719	1	1
rs2493394	A/G	120471224	1	1
rs72704264	G/C	145713305	1	1
rs79187193	G/A	147255831	1	1
rs1122967	C/G	150258838	1	1
rs11204743	A/T	150890406	1	1
rs12143614	T/A	150932696	1	1
rs75360998	G/A	151210292	1	1
rs11204892	A/G/T	151768048	1	1
rs3828057	C/T	151780177	1	1
rs4845604	G/A/C/T	151801680	1	1
rs2999559	A/C	151997199	1	1
rs3007671	G/A/C/T	151999347	1	1
rs140371183	A/G	152098428	1	1
rs1496042	C/T	152159773	1	1
rs12123821	C/T	152179152	1	1
rs12032307	A/G	152209612	1	1
rs61816766	T/C	152319572	1	1
rs78886843	C/T	152412328	1	1
rs12757042	T/C/G	152444672	1	1
rs4845774	T/C	152445621	1	1
rs3120745	A/G	153019258	1	1
rs310122	A/G	153064288	1	1
rs13796	T/C	154245917	1	1
rs72696290	T/C	154345686	1	1
rs6689306	A/G	154395946	1	1
rs4845625	T/C	154422067	1	1
rs2228145	A/C/T	154426970	1	1
rs2072659	C/G	154548521	1	1
rs11264223	G/A/C	154565519	1	1
rs4999127	G/A	154714006	1	1
rs11264273	C/T	154809253	1	1
rs61150523	A/G	154811404	1	1
rs11264280	C/T	154862952	1	1
rs151107921	G/A	154892388	1	1
rs55668940	G/A	155014426	1	1
rs7367758	C/A/T	155087083	1	1
rs10908465	C/T	155389688	1	1
rs76719272	C/T	156129796	1	1
rs11587860	G/C/T	156156951	1	1
rs2758612	T/C	156205301	1	1
rs2253114	T/G	159150246	1	1
rs2070901	G/T	161185058	1	1
rs2171690	T/C	164740099	1	1
rs10753661	G/A	165119792	1	1
rs7524019	C/G/T	167367193	1	1
rs1723016	T/C	167433056	1	1
rs1892094	C/T	169094459	1	1
rs7523218	G/A	170149729	1	1
rs72700114	G/C	170193825	1	1
rs72700118	C/A/T	170194823	1	1
rs12024348	C/T	170377323	1	1
rs17346300	C/T	170510459	1	1
rs6680785	C/T	170560332	1	1
rs577676	C/T	170587340	1	1
rs76074817	A/G	170702257	1	1
rs7520631	T/C	170820033	1	1
rs1102705	G/A	172700868	1	1
rs10912564	C/T	173170618	1	1
rs28680958	G/A	173848808	1	1
rs3766694	T/C	175143207	1	1
rs543874	A/G	177889480	1	1
rs150816167	T/C	179571862	1	1
rs1043069	T/G	180859368	1	1
rs41475048	A/G	183058452	1	1
rs4651224	C/T	184585182	1	1
rs12042924	T/C	197297417	1	1
rs76181804	A/G	198601705	1	1
rs6700559	C/T	200646073	1	1
rs882624	C/T	201735913	1	1
rs2820292	A/C	201784287	1	1
rs2820315	C/T	201872264	1	1
rs10753933	T/G	203026214	1	1
rs7538512	A/G	203092059	1	1
rs33996239	C/T	203109801	1	1
rs12403358	C/G	203995994	1	1
rs4951258	G/A	205691316	1	1
rs2336939	A/T	206620173	1	1
rs2629665	C/A	207220800	1	1
rs7555285	G/C	209970355	1	1
rs60154123	C/T	210468999	1	1
rs371923485	G/A	212861362	1	1
rs79687284	G/A/C/T	214150821	1	1
rs340874	T/C	214159256	1	1
rs35981664	A/T	218549354	1	1
rs2820426	A/C/G	219660535	1	1
rs2642439	A/G	220970499	1	1
rs867772	A/G/T	220972343	1	1
rs9431431	G/A	221358796	1	1
rs35932524	C/T	222638446	1	1
rs35158675	G/A/C	222829550	1	1
rs10127776	A/G	226474479	1	1
rs697852	G/A	226914734	1	1
rs348330	G/A	229672955	1	1
rs6672758	C/G/T	230303512	1	1
rs1885018	A/C	236316575	1	1
rs2484639	G/A	243462367	1	1
rs4926499	G/C	249155909	1	1
rs7908590	C/G	952523	1	10
rs11252324	G/T	4124568	1	10
rs56352451	C/T	5804865	1	10
rs8177757	C/T	6027721	1	10
rs4749894	A/G	6058323	1	10
rs7893324	T/C	6111075	1	10
rs56382813	C/T	6124257	1	10
rs74402755	C/T	6185332	1	10
rs2255088	T/C	6625378	1	10
rs7091048	C/T	6714175	1	10
rs537544	C/T	8108382	1	10
rs117158080	T/C	8293923	1	10
rs7082946	T/C	8459547	1	10
rs12785018	C/T	8515348	1	10
rs7095431	T/C	8562348	1	10
rs11255753	G/C/T	8605553	1	10
rs80255519	G/C	8766109	1	10
rs2025758	T/C	8841669	1	10
rs827624	C/A/G/T	9001327	1	10
rs11256010	T/C	9035254	1	10
rs1705333	A/G	9039506	1	10
rs11256016	G/A	9043352	1	10
rs2197415	T/G	9062856	1	10
rs77000868	T/G	9070677	1	10
rs55861950	A/G	9089574	1	10
rs76775848	T/C	9111300	1	10
rs72784452	C/T	9111826	1	10
rs75125788	C/T	9255890	1	10
rs1143869	T/A/C	9293290	1	10
rs10905555	G/A/T	9453018	1	10
rs61848342	T/C	12303813	1	10
rs11257655	C/T	12307894	1	10
rs10906391	C/T	13523937	1	10
rs7095584	G/A	14024991	1	10
rs6602177	C/T	17167141	1	10
rs3858217	G/A/C	24690604	1	10
rs3802517	T/A	28233469	1	10
rs1265842	T/A/C	28924901	1	10
rs9337951	G/A	30317073	1	10
rs76164690	T/G	32590362	1	10
rs1870634	T/G	44480811	1	10
rs1632484	C/T	44773984	1	10
rs34130368	G/T/A	48411796	1	10
rs72799495	G/A	53654149	1	10
rs10761530	T/C	62390726	1	10
rs12775438	C/T	64437473	1	10
rs10822145	C/T	64934548	1	10
rs12245149	C/A	65321147	1	10
rs7090758	T/C	65335315	1	10
rs7096385	T/C/G	69664881	1	10
rs2616132	G/A	71469514	1	10
rs12572586	T/A/C	74751579	1	10
rs60212594	G/A/C	75414344	1	10
rs4746140	G/A/C	75417249	1	10
rs2633310	G/A/T	75594050	1	10
rs6480769	A/T	76851503	1	10
rs10458660	A/G	77936576	1	10
rs753270	T/A/C	80964975	1	10
rs10887718	C/T	82042624	1	10
rs17680741	T/C	82251514	1	10
rs7899106	A/G	87410904	1	10
rs77532868	C/T	88081438	1	10
rs77413490	G/A/T	89681688	1	10
rs1412444	C/T	91002927	1	10
rs3925446	G/A	91495322	1	10
rs10882028	C/G/T	93943900	1	10
rs7918084	C/T	94429467	1	10
rs11187142	T/C	94468685	1	10
rs7923866	C/T	94482076	1	10
rs4418728	G/T	94839724	1	10
rs56085433	G/A	97326325	1	10
rs11591741	G/C	101976501	1	10
rs603424	G/A	102075479	1	10
rs17094222	T/C	102395440	1	10
rs72847884	A/G	103115345	1	10
rs1374471	C/A/T	103659601	1	10
rs3781295	G/A/T	104140602	1	10
rs191454360	C/A/T	104540822	1	10
rs3740390	C/T	104638480	1	10
rs12220375	T/C	104901491	1	10
rs79780963	C/G/T	104952499	1	10
rs3781370	T/C	105335156	1	10
rs77260060	G/A	105338726	1	10
rs11598047	A/G	105342672	1	10
rs12244353	C/T	105476082	1	10
rs35176054	T/A	105480387	1	10
rs2864003	G/C	105693004	1	10
rs4918072	G/A	105693644	1	10
rs111777102	C/T	111965826	1	10
rs10749053	T/A/C	112576695	1	10
rs2297991	T/C	113913222	1	10
rs1547191	C/G/T	114612972	1	10
rs11196181	G/A	114749018	1	10
rs35011184	G/A	114749734	1	10
rs7903146	C/G/T	114758349	1	10
rs12266632	C/G/T	114764959	1	10
rs10885414	A/G	114861304	1	10
rs11197813	A/C/G	118523933	1	10
rs17617337	C/T	121426884	1	10
rs72842207	C/T	121433675	1	10
rs11592107	G/A	122968964	1	10
rs2421016	C/T	124167512	1	10
rs72834453	T/G	124235226	1	10
rs4752700	A/G	124237612	1	10
rs4411245	G/A	126712781	1	10
rs7096563	A/G/T	133770229	1	10
rs1133400	A/G	134459388	1	10
rs12788104	A/G	1123739	1	11
rs2237892	C/T	2839751	1	11
rs17224476	G/A/C	4673788	1	11
rs11601507	C/A/T	5701074	1	11
rs2929184	A/G	6289118	1	11
rs10840100	A/G	8669437	1	11
rs10743086	G/A	8774923	1	11
rs360153	T/C	9762274	1	11
rs472109	G/C/T	9770318	1	11
rs11042902	C/T	10655623	1	11
rs74671170	G/C/T	13002024	1	11
rs7926712	A/G/T	13303085	1	11
rs143645388	C/T	13350995	1	11
rs2896633	G/A	13422274	1	11
rs143488652	A/C/G	13508611	1	11
rs146735006	C/G/T	13520260	1	11
rs116871542	G/A	13751466	1	11
rs79296061	G/A	13811857	1	11
rs11607525	G/A	13838802	1	11
rs12281314	G/C/T	13886937	1	11
rs11022990	T/C	13888000	1	11
rs72870093	G/A	13892970	1	11
rs4757205	C/A/G	13911295	1	11
rs61883544	A/C	13914990	1	11
rs1528656	C/T	13992171	1	11
rs1528652	T/A	13994474	1	11
rs1528667	A/G/T	14033524	1	11
rs117832548	A/T	14055347	1	11
rs12361614	T/C	14129841	1	11
rs543746207	A/G	14133656	1	11
rs61883787	G/A	14140790	1	11
rs7479680	A/C	14154711	1	11
rs72860301	G/T	14187543	1	11
rs4757238	A/G	14216674	1	11
rs12146558	T/G	14237921	1	11
rs7951630	T/A/G	14252728	1	11
rs77245738	G/A	14298318	1	11
rs113040208	C/A/T	14418294	1	11
rs142757634	A/T	14429354	1	11
rs11023212	G/A	14431709	1	11
rs118054219	C/T	14472071	1	11
rs118055554	C/T	14484242	1	11
rs17475467	C/A/T	14485640	1	11
rs79966935	C/T	14540827	1	11
rs11826356	C/T	14550516	1	11
rs10160436	C/T	14570113	1	11
rs560809041	T/C	14597506	1	11
rs146442348	T/A	14649041	1	11
rs11529568	G/A	14685078	1	11
rs117247884	T/G	14729856	1	11
rs117189917	G/A	14751650	1	11
rs10832300	A/G/T	14788963	1	11
rs11493371	C/T	14801486	1	11
rs72869778	G/A	14846335	1	11
rs118010666	A/G	14860790	1	11
rs113255079	G/T	14863087	1	11
rs117576073	G/T	14912573	1	11
rs147711692	G/A	14919359	1	11
rs11023393	G/A	14971805	1	11
rs567386699	G/A	14984380	1	11
rs145117134	A/G	14987887	1	11
rs34721062	T/A	15017944	1	11
rs117363662	G/A	15051809	1	11
rs10734230	G/A	15127851	1	11
rs11826004	T/C	15132929	1	11
rs4757292	G/A	15164117	1	11
rs1945597	A/G	15171373	1	11
rs1714349	C/A/G	15175505	1	11
rs12269858	A/C/G/T	15179989	1	11
rs12225275	C/A/T	15182889	1	11
rs10832371	G/A	15222118	1	11
rs2271828	G/A	15261826	1	11
rs80240064	T/C	15290531	1	11
rs61880664	A/G	15343532	1	11
rs67194931	C/T	15570571	1	11
rs1872285	G/A/T	15665052	1	11
rs60855254	G/C	15665819	1	11
rs116869672	A/G	15776629	1	11
rs1440705	G/A	15903307	1	11
rs297357	T/G	16344126	1	11
rs7951365	T/C	16377044	1	11
rs5215	C/T	17408630	1	11
rs10766533	T/A	19224677	1	11
rs10741807	T/A/C	20011445	1	11
rs11026586	G/A/T	22515533	1	11
rs11030066	C/T	27618490	1	11
rs11030104	A/G	27684517	1	11
rs2049045	G/A/C	27694241	1	11
rs871004	G/A	28512458	1	11
rs11031051	A/C/G	30355707	1	11
rs3925584	T/C	30760335	1	11
rs61879810	A/C/G	31821467	1	11
rs190194639	C/T	34068037	1	11
rs7108441	A/G	36351781	1	11
rs7116641	T/G	43696917	1	11
rs2176598	T/C	43864278	1	11
rs75494138	C/A/T	46465361	1	11
rs1585453	A/T	46884713	1	11
rs4752999	C/T	47428565	1	11
rs3817334	C/T	47650993	1	11
rs7929543	A/C	49351026	1	11
rs75905900	A/C	55113534	1	11
rs1535	A/G	61597972	1	11
rs4980515	T/C	63744609	1	11
rs12801636	G/A	65391317	1	11
rs77713116	C/G/T	65531109	1	11
rs479844	A/G	65551957	1	11
rs7114298	A/G	65582028	1	11
rs61891388	T/G	66079818	1	11
rs67976715	G/C	68023742	1	11
rs875106	G/A	70005641	1	11
rs71467497	T/C	70471414	1	11
rs147408527	C/T	70529949	1	11
rs150348262	A/G	70908709	1	11
rs78168201	C/A/T	70971149	1	11
rs187606877	T/A	71053853	1	11
rs41347850	C/A/T	71100893	1	11
rs1790309	G/A	71109015	1	11
rs4944885	C/G/T	71114075	1	11
rs111928673	A/G	71160839	1	11
rs11233800	G/A	71182901	1	11
rs79021460	G/A	71203195	1	11
rs4944999	T/C	71207982	1	11
rs144931233	G/T	71431806	1	11
rs635421	C/G/T	71844612	1	11
rs504217	C/T	72006086	1	11
rs1552224	A/C	72433098	1	11
rs4420291	G/A	74374950	1	11
rs606452	A/C	75276178	1	11
rs375729364	T/C	75447687	1	11
rs72997623	C/A	75488054	1	11
rs55684690	C/T	76057946	1	11
rs34889640	G/A	76191561	1	11
rs60748394	T/A	76267767	1	11
rs7936323	G/A	76293758	1	11
rs72934351	G/A	76338427	1	11
rs12718488	T/G	76366690	1	11
rs12422144	C/G	76393943	1	11
rs11236855	C/A	76394461	1	11
rs881930	G/A	76484241	1	11
rs1149605	T/C	76485216	1	11
rs59986178	G/A/C	77359909	1	11
rs2450128	G/A	77940075	1	11
rs10830963	C/G	92708710	1	11
rs7932966	A/G/T	92792866	1	11
rs11021221	T/A/G	95308854	1	11
rs61909958	C/A/G	96151677	1	11
rs4754698	C/A/G	100631908	1	11
rs61892344	C/G/T	101100768	1	11
rs475937	A/C/T	102687700	1	11
rs473238	T/C	102700360	1	11
rs974819	T/A/C	103660567	1	11
rs4754196	A/G	107096777	1	11
rs539524	A/G	111477325	1	11
rs7128707	T/A	112855354	1	11
rs4309187	A/C	113412443	1	11
rs7928017	C/A	113448762	1	11
rs17542254	A/G	113655696	1	11
rs12286929	A/C/G	115022404	1	11
rs7106546	G/A/T	116079170	1	11
rs11822160	T/A/C	116577558	1	11
rs964184	G/C	116648917	1	11
rs651821	C/T	116662579	1	11
rs75542613	G/A	116679155	1	11
rs11216153	G/T	116705100	1	11
rs1076485	C/T	116772441	1	11
rs504068	T/C	117008946	1	11
rs181009570	G/A/C	117096995	1	11
rs12365699	G/A	118743286	1	11
rs12790943	C/T	120058623	1	11
rs2847500	G/A	120114421	1	11
rs11217815	G/A/T	120190262	1	11
rs682011	T/A/C	121544285	1	11
rs4935786	T/A/C	121661507	1	11
rs12574332	C/T	122521123	1	11
rs11604175	C/T	124619407	1	11
rs1940377	G/A/C	128131266	1	11
rs7931302	C/A/T	128236058	1	11
rs67232546	C/T	128398938	1	11
rs66518071	C/G	128762184	1	11
rs76097649	G/A	128764570	1	11
rs78998485	C/G/T	434755	1	12
rs11571376	C/G/T	1059556	1	12
rs55935819	G/A	2521579	1	12
rs12299509	A/G/T	4406281	1	12
rs75507123	G/T	5417856	1	12
rs2024385	T/A	12888438	1	12
rs7313556	A/G	15297359	1	12
rs61912333	C/G	19554817	1	12
rs10841443	C/G	20220033	1	12
rs12317268	A/G	21352541	1	12
rs12311451	G/A/C	21416532	1	12
rs7976167	T/C	24210599	1	12
rs2291437	T/G	24715048	1	12
rs4963776	G/A/T	24779491	1	12
rs2171427	G/A/C	24822154	1	12
rs17380837	C/T	26345526	1	12
rs11048456	C/T	26463082	1	12
rs1098708	A/G	27321112	1	12
rs10842994	C/T	27965150	1	12
rs12809354	T/C	32978437	1	12
rs11182428	T/C	38526387	1	12
rs7965392	G/A/C	42540280	1	12
rs17594275	G/A	47088508	1	12
rs11168244	C/A/T	48202941	1	12
rs11168245	C/G	48204499	1	12
rs7138803	G/A/T	50247468	1	12
rs61926181	G/A	50767037	1	12
rs3782480	G/T	52305069	1	12
rs11170820	C/A/G	54513915	1	12
rs62623446	C/T	55368291	1	12
rs1689510	G/C	56396768	1	12
rs183310037	C/A	57047807	1	12
rs7137749	T/A/C	57098040	1	12
rs2860482	A/C	57105938	1	12
rs3024971	T/G	57493727	1	12
rs3122929	C/T	57509102	1	12
rs11613352	C/T	57792580	1	12
rs10437954	G/A/C	58003922	1	12
rs113892147	G/A	58004070	1	12
rs2261181	C/T	66212318	1	12
rs1042725	C/T	66358347	1	12
rs4143175	T/C	67782397	1	12
rs8181687	G/A	68661596	1	12
rs1038165	C/T	68665940	1	12
rs513177	C/A/T	69950545	1	12
rs71454237	G/A	70013415	1	12
rs775439	A/G	70096374	1	12
rs11178076	C/T	70477510	1	12
rs7138300	C/T	71439589	1	12
rs11178649	G/T	71533238	1	12
rs12426679	C/T	76237987	1	12
rs7963801	T/C	79685226	1	12
rs61924955	T/C/G	89507623	1	12
rs2681492	T/C/G	90013089	1	12
rs10858966	G/C	90567026	1	12
rs1387766	G/A	92081800	1	12
rs11107116	G/A/T	93978504	1	12
rs7977516	G/T	94584677	1	12
rs11107903	G/A/C	95507971	1	12
rs11108209	T/C	96109855	1	12
rs58948611	A/G	96301336	1	12
rs10859995	T/C	96375682	1	12
rs12307364	C/T	96382938	1	12
rs74620184	G/A	96390890	1	12
rs7134060	G/A	96717095	1	12
rs12372115	G/A/T	97982701	1	12
rs11112548	A/T	105871914	1	12
rs141391620	G/A	110681099	1	12
rs12184466	C/T	111281636	1	12
rs73413596	T/C	111582630	1	12
rs10774624	G/A	111833788	1	12
rs3184504	T/A/C/G	111884608	1	12
rs4766578	T/A	111904371	1	12
rs7137828	C/A/T	111932800	1	12
rs11065987	A/G	112072424	1	12
rs883079	C/G/T	114793240	1	12
rs3898618	T/C	120813921	1	12
rs2701184	T/G	121353088	1	12
rs1169288	A/C/T	121416650	1	12
rs61953351	G/T	121456616	1	12
rs3213545	G/A	121471337	1	12
rs2915640	T/A	121639526	1	12
rs117082632	T/C	122062636	1	12
rs11057405	G/A/C	122781897	1	12
rs10773657	C/A	123327900	1	12
rs940904	G/A	123491572	1	12
rs825476	C/T	124568456	1	12
rs1271309	A/C/G	124820705	1	12
rs11057830	G/A	125307053	1	12
rs7296737	C/T	125336956	1	12
rs75312918	G/A	133071761	1	12
rs6560886	T/C	133150210	1	12
rs2480171	T/C	21559858	1	13
rs606950	G/A	22298923	1	13
rs9506925	C/T	23368943	1	13
rs55641580	C/T	25257917	1	13
rs1331012	G/T	27115424	1	13
rs74401568	C/T	27953818	1	13
rs9579083	G/A/C/T	28017270	1	13
rs9319428	G/A	28973621	1	13
rs9532243	A/C	32191408	1	13
rs7998440	G/A	33125206	1	13
rs576674	G/A	33554302	1	13
rs28646275	A/G	38248037	1	13
rs9603612	C/G	40334852	1	13
rs2152258	C/T	40668694	1	13
rs9315776	C/T	41003022	1	13
rs9549297	A/G	41397482	1	13
rs73187288	A/C/T	42738672	1	13
rs61960013	C/A/G	44490181	1	13
rs912434	G/T	47189928	1	13
rs4942561	G/T	47209347	1	13
rs12583615	G/A	50564085	1	13
rs963740	A/T	51096095	1	13
rs9526707	G/A	51489186	1	13
rs12429545	G/A/T	54102206	1	13
rs9569209	C/T	55707745	1	13
rs34284484	T/G	55710231	1	13
rs9563529	G/T	58316637	1	13
rs9540493	A/G	66205704	1	13
rs34704785	C/T	68117681	1	13
rs3861113	C/A	72364382	1	13
rs17245822	A/C	73131694	1	13
rs78474310	A/G	73826901	1	13
rs61957178	C/T	73995194	1	13
rs1441264	G/A	79580919	1	13
rs7988232	G/A	79808655	1	13
rs1215469	A/C	80707408	1	13
rs1359790	G/A	80717156	1	13
rs55684003	A/G	97988689	1	13
rs7992229	G/A	100040979	1	13
rs9517743	A/C	100121079	1	13
rs650724	G/A	110804809	1	13
rs11617955	T/A	110818102	1	13
rs12868126	G/A	110822524	1	13
rs9521678	T/C	110916118	1	13
rs12873154	A/G	110920852	1	13
rs3809346	G/A/C	110960943	1	13
rs9515203	T/C	111049623	1	13
rs7333991	T/C	111108436	1	13
rs1317507	A/C/T	113631780	1	13
rs35569628	T/C	113872712	1	13
rs185324850	G/A/T	114454055	1	13
rs7331680	G/T	115000650	1	13
rs17880989	G/A	23313633	1	14
rs422068	T/C	23864804	1	14
rs1950500	T/C	24830850	1	14
rs10132280	C/A	25928179	1	14
rs12885454	C/A	29736838	1	14
rs7149014	T/C	29802911	1	14
rs17115145	C/T	30122409	1	14
rs2273171	T/C	31381351	1	14
rs1957021	T/A/C	32924505	1	14
rs11156751	T/C	32990437	1	14
rs4424827	C/G/T	35110857	1	14
rs73241997	C/T	35173775	1	14
rs2007960	A/T	35882935	1	14
rs8018720	G/C/T	39556185	1	14
rs61998537	T/G	39730234	1	14
rs34983854	A/C/G	39858442	1	14
rs72683923	T/C	50735947	1	14
rs142004400	A/C/G	50829560	1	14
rs1123285	C/G	57274519	1	14
rs6573197	C/A/T	58724208	1	14
rs2145598	G/A/C	58794001	1	14
rs11628933	G/C/T	60700903	1	14
rs2738413	A/G	64679960	1	14
rs731681	G/C	68010224	1	14
rs1950897	C/G/T	68760141	1	14
rs2295751	G/A/C	69259461	1	14
rs57786342	G/A	69260028	1	14
rs227426	G/C/T	70456664	1	14
rs11623535	G/A	72462381	1	14
rs74884082	C/T	73249419	1	14
rs4903064	T/C	73279420	1	14
rs12432062	G/A	73717901	1	14
rs11159091	G/A	75074316	1	14
rs7145159	T/C	75583268	1	14
rs10873298	C/T	77426525	1	14
rs1811739	G/A/C	77529375	1	14
rs7144011	G/T	79940383	1	14
rs10131290	A/C	93015479	1	14
rs112635299	G/T	94838142	1	14
rs28929474	C/G/T	94844947	1	14
rs8003602	T/C	100148961	1	14
rs3783324	T/C	100350017	1	14
rs12881545	G/A/C	101176212	1	14
rs4906259	T/C	103228417	1	14
rs8014182	C/T	103859962	1	14
rs2756119	G/A	104001517	1	14
rs4906378	C/T	104283445	1	14
rs34161718	C/G/T	104620193	1	14
rs8026369	G/A/T	39229553	1	15
rs11629850	G/A	40317075	1	15
rs72733486	C/T	40858382	1	15
rs2925345	T/C	41311799	1	15
rs1655558	T/G	41787585	1	15
rs4924570	T/C	41974660	1	15
rs2957636	A/G/T	43938607	1	15
rs1049518	G/A	45653367	1	15
rs11857515	T/A	49606320	1	15
rs3736485	A/G	51748610	1	15
rs17730281	G/A	53907948	1	15
rs58038553	A/G	58574324	1	15
rs11071371	C/T	58576226	1	15
rs62001697	C/T	58632415	1	15
rs261291	T/A/C	58680178	1	15
rs7164909	C/T	58686754	1	15
rs75663614	T/C	58687040	1	15
rs1800588	C/G/T	58723675	1	15
rs35511894	C/T	58723709	1	15
rs632811	A/G	59155050	1	15
rs12324871	T/A	61005345	1	15
rs11071559	C/T	61069988	1	15
rs4775376	T/C	61517218	1	15
rs4502156	T/C	62383155	1	15
rs55829990	T/C	63790642	1	15
rs982077	A/G/T	63823301	1	15
rs7170477	G/A/C	64103777	1	15
rs6494488	G/A/C	65024204	1	15
rs1965942	A/G	65095612	1	15
rs68018114	G/A	67332467	1	15
rs12592283	T/G	67371420	1	15
rs117683492	G/A	67413624	1	15
rs72743461	C/A/T	67441750	1	15
rs56375023	G/A	67448363	1	15
rs10152595	C/G/T	67475488	1	15
rs13329567	C/G/T	68104367	1	15
rs62004794	A/G	68454523	1	15
rs11853359	G/A	71621524	1	15
rs7164727	C/G/T	73093991	1	15
rs1979409	A/G	73465477	1	15
rs74022964	C/T	73677264	1	15
rs61653296	A/G	74557817	1	15
rs11634028	T/A	76276150	1	15
rs62007299	G/A	77711719	1	15
rs7177055	G/A	77832762	1	15
rs2869037	A/G/T	78674015	1	15
rs147506853	T/G	78710338	1	15
rs11852372	A/C	78801394	1	15
rs147760547	A/G	78816130	1	15
rs187618975	C/T	78818072	1	15
rs117730351	C/T	78828352	1	15
rs72740960	A/G	78851724	1	15
rs56219480	C/G/T	78864024	1	15
rs2229961	G/A/T	78880752	1	15
rs77438700	A/G	78906637	1	15
rs143527274	C/T	78953924	1	15
rs73467256	C/T	78978554	1	15
rs11072794	T/C	79006582	1	15
rs72745113	G/A	79008966	1	15
rs12906847	A/G	79031357	1	15
rs62010961	C/G	79106848	1	15
rs77719127	C/T	79110783	1	15
rs185771419	G/T	79120489	1	15
rs74024464	G/A	79125155	1	15
rs7173743	T/C	79141784	1	15
rs12908004	A/G	80676925	1	15
rs2759301	G/A/C/T	80994288	1	15
rs983353	A/G	82186535	1	15
rs4842921	G/A	84556623	1	15
rs7180952	C/A/G/T	85162551	1	15
rs3743157	C/A/G	85680532	1	15
rs11632436	G/A/C	86295286	1	15
rs1807214	A/C	89565257	1	15
rs78550103	G/A	90027296	1	15
rs4932143	G/C	90372067	1	15
rs17514846	C/A/G	91416550	1	15
rs12910825	A/G	91511260	1	15
rs873122	G/C/T	92702020	1	15
rs28533980	C/G/T	94207872	1	15
rs12595031	C/G/T	96024055	1	15
rs17581137	A/C/G	96146414	1	15
rs4984496	T/G	96635898	1	15
rs12901664	C/T	98338524	1	15
rs4965430	C/G	99268850	1	15
rs34756251	C/T	100192540	1	15
rs325384	C/T	100229761	1	15
rs2123930	G/A	100231033	1	15
rs9940149	G/A	300641	1	16
rs9932866	G/A	706067	1	16
rs140185678	G/A	2003016	1	16
rs2815301	T/C	2004718	1	16
rs28590346	A/C/T	2080653	1	16
rs77316573	C/T	2265271	1	16
rs2379829	G/C	3538873	1	16
rs12448257	G/A	3599655	1	16
rs879620	C/T	4015729	1	16
rs35450617	T/G	6889675	1	16
rs35441874	T/A	11213021	1	16
rs10083762	C/G/T	11907210	1	16
rs7198817	C/A/G	11945778	1	16
rs57327054	C/G/T	14487036	1	16
rs4782211	G/A	19152219	1	16
rs12446632	G/A	19935389	1	16
rs11074446	T/C	20255123	1	16
rs8044650	C/T	20350163	1	16
rs77924615	G/A	20392332	1	16
rs11641045	A/G	20404043	1	16
rs9937801	T/C	21088130	1	16
rs17177078	C/T	24810681	1	16
rs11646066	G/A	27275248	1	16
rs113108794	C/A/G	27310996	1	16
rs3024622	C/A/G/T	27365453	1	16
rs3024664	T/C	27371424	1	16
rs11074854	G/C/T	27397539	1	16
rs55903834	A/G	27404697	1	16
rs179771	G/A/C/T	27417744	1	16
rs153106	T/C	28526897	1	16
rs9928136	T/C/G	28579917	1	16
rs3888190	C/A/T	28889486	1	16
rs3814877	G/T	30042677	1	16
rs6565174	A/C	30111904	1	16
rs8063565	G/A/C	30883965	1	16
rs749767	A/G	31124407	1	16
rs2080454	C/A	49062590	1	16
rs10468291	C/A	49768046	1	16
rs34941092	G/A	50550137	1	16
rs111164073	G/A	50726822	1	16
rs2066844	C/T	50745926	1	16
rs9932220	G/A	51758116	1	16
rs2386571	A/C	52074123	1	16
rs4280233	G/T	53764849	1	16
rs11643744	G/A	53791798	1	16
rs1421085	T/C	53800954	1	16
rs56094641	A/G/T	53806453	1	16
rs7185735	A/G/T	53822651	1	16
rs12921970	G/C	53865226	1	16
rs12919839	C/T	56859216	1	16
rs12149545	G/A	56993161	1	16
rs11076175	A/G	57006378	1	16
rs2060664	T/C	60652439	1	16
rs62044301	G/A/C	65614212	1	16
rs45474499	C/T	66914492	1	16
rs7185555	G/A/C	69131281	1	16
rs244415	G/A	69666683	1	16
rs139861017	C/G	70452234	1	16
rs1050362	C/A/T	72130815	1	16
rs79616692	G/C	72338507	1	16
rs4327060	C/T	72807438	1	16
rs2359171	T/A	73053022	1	16
rs62055084	C/T	73097845	1	16
rs11860773	T/C	73912503	1	16
rs77258096	C/A/G	75243772	1	16
rs9927309	C/T	75246419	1	16
rs8046696	T/A/G	75442143	1	16
rs4575545	G/A	79755446	1	16
rs2925979	T/A/C	81534790	1	16
rs7199941	A/G/T	81906423	1	16
rs11542462	G/A	82033810	1	16
rs7500448	A/G	83045790	1	16
rs8056413	G/T	84082650	1	16
rs7187540	C/A	85318302	1	16
rs13332432	C/G/T	85721809	1	16
rs6540125	T/G	87993889	1	16
rs4785587	G/A	89772619	1	16
rs34177108	C/A/T	89893375	1	16
rs7225165	G/A	1309850	1	17
rs4480845	T/C	1958609	1	17
rs9914578	C/G	2005136	1	17
rs2641431	C/G	2030507	1	17
rs12602802	G/A	2122117	1	17
rs170041	C/G/T	2170216	1	17
rs8068571	T/C	2525175	1	17
rs7215084	C/T	3880148	1	17
rs8068804	G/A	3985864	1	17
rs71368508	C/A	4521473	1	17
rs1000940	A/G	5283252	1	17
rs72842819	A/C	7328821	1	17
rs9899183	C/G/T	7452977	1	17
rs12949853	G/A	7570878	1	17
rs34121753	A/G	7733833	1	17
rs8069739	T/A/C	8078765	1	17
rs72811294	G/A/C	12618680	1	17
rs9893005	C/G/T	16225506	1	17
rs12936587	G/A	17543722	1	17
rs12945601	T/A/C	17653411	1	17
rs4925159	G/A	18185510	1	17
rs7502046	C/T	19196440	1	17
rs7218708	A/C/G	19926836	1	17
rs11080107	T/A/C	27938424	1	17
rs11080134	A/G	29161503	1	17
rs1551355	C/T	30032420	1	17
rs76954792	C/T	30033514	1	17
rs4523973	G/A/T	30809455	1	17
rs11651755	C/T	36099840	1	17
rs74682567	A/G	37804675	1	17
rs72827176	C/G/T	37810795	1	17
rs11658278	T/C	38031164	1	17
rs2305479	C/T	38062217	1	17
rs28496749	C/T	38133545	1	17
rs2305482	A/C	38140927	1	17
rs35142265	A/G	38269759	1	17
rs1009727	G/A	38609187	1	17
rs11658582	C/A/G/T	38763200	1	17
rs8067124	A/T	38869490	1	17
rs2074164	G/C	40270238	1	17
rs9909628	A/T	40418571	1	17
rs17405722	G/A/T	40542501	1	17
rs10454087	C/T	40735641	1	17
rs61003750	G/C/T	40793128	1	17
rs4986172	C/T	43216281	1	17
rs4247364	G/C/T	43336687	1	17
rs55938136	A/G	43798360	1	17
rs76640332	G/A/C	44189858	1	17
rs1563304	C/T	44874453	1	17
rs17608766	T/C	45013271	1	17
rs72833417	A/T	45873049	1	17
rs9911983	C/T	45885756	1	17
rs1553754	G/A/T	46563707	1	17
rs9894220	A/G	46989154	1	17
rs4643373	T/C	47123423	1	17
rs148633519	G/A	47319438	1	17
rs62076439	G/A/T	47404628	1	17
rs12952581	G/A	47448346	1	17
rs2233669	T/A/C	47484003	1	17
rs302864	G/A	56757584	1	17
rs34430710	A/C/T	56876627	1	17
rs1036902	T/C	58950791	1	17
rs1476098	A/C	59237013	1	17
rs17631783	C/G/T	61687600	1	17
rs6504213	T/C/G	62381714	1	17
rs9892152	T/C	62401965	1	17
rs1991401	A/G	62502435	1	17
rs112260610	C/T	64252393	1	17
rs2952289	C/T	66464414	1	17
rs76848919	G/A/C	76352554	1	17
rs12604076	T/C	76773638	1	17
rs9302885	A/G	76799898	1	17
rs12940622	G/A	78615571	1	17
rs2659007	G/A/C	79217478	1	17
rs112280096	C/A	79367409	1	17
rs11077961	A/G/T	81012749	1	17
rs34413141	T/A	777282	1	18
rs7240767	T/C	7070642	1	18
rs334414	C/T	7124612	1	18
rs11665020	G/A/C	10879503	1	18
rs4800420	G/A/C	20158965	1	18
rs891389	C/T	21087531	1	18
rs62082230	T/A	22676071	1	18
rs1154214	T/A/G	24546824	1	18
rs8091117	C/A	28919794	1	18
rs10164193	T/G	31161426	1	18
rs12956924	G/A	46451146	1	18
rs9953366	T/A/C	46474192	1	18
rs736839	C/T	46528065	1	18
rs77960347	A/C/G	47109955	1	18
rs4121823	T/A/G	47144223	1	18
rs9964304	A/C	47229717	1	18
rs8088085	A/C	48708548	1	18
rs11876341	A/G	48799991	1	18
rs3730775	T/A	51813966	1	18
rs34163044	C/A	51851616	1	18
rs72930904	C/T	52607301	1	18
rs12605156	A/T	53498114	1	18
rs10048404	C/T	54578482	1	18
rs7243357	T/G	56883319	1	18
rs9945063	C/T	57715608	1	18
rs6567160	T/C	57829135	1	18
rs663640	C/T	57846077	1	18
rs9947301	C/T	57869590	1	18
rs12970134	G/A	57884750	1	18
rs590215	C/T	57904088	1	18
rs9675886	A/G/T	57969322	1	18
rs17066842	G/A	58040624	1	18
rs8097783	G/A	58051294	1	18
rs3826620	T/A/G	60021504	1	18
rs12454712	T/A/C	60845884	1	18
rs2037511	G/A	61366207	1	18
rs12964116	A/G	61442619	1	18
rs10460108	A/G	73034151	1	18
rs8096658	C/G	77156537	1	18
rs117552144	C/T	3136091	1	19
rs895330	C/G	4060707	1	19
rs10420217	T/C/G	4355871	1	19
rs2613765	G/A	5066330	1	19
rs12610000	C/T	6582133	1	19
rs2009733	A/C/G	8398714	1	19
rs116843064	G/A	8429323	1	19
rs73012738	T/G	9137195	1	19
rs10409243	C/A/G/T	10332988	1	19
rs8110479	T/C	10734951	1	19
rs55791371	A/C	11188153	1	19
rs142158911	G/A	11190534	1	19
rs11671372	G/T	11269726	1	19
rs138318448	G/A	11283516	1	19
rs17616620	G/A	11293642	1	19
rs167479	G/T/A/C	11526765	1	19
rs12462826	G/A	11955767	1	19
rs66502847	A/G	12615646	1	19
rs117533700	C/G/T	13176728	1	19
rs3745318	T/C	16436262	1	19
rs1077795	A/G	17222584	1	19
rs7251815	G/T	17844942	1	19
rs17724992	A/G	18454825	1	19
rs78030362	A/G	18575193	1	19
rs116962777	G/A	19130056	1	19
rs187429064	A/G	19380513	1	19
rs8107974	A/G/T	19388500	1	19
rs10401969	T/C	19407718	1	19
rs6511291	T/C	21950402	1	19
rs1821295	C/T	32590773	1	19
rs117710327	C/A	33726578	1	19
rs7256564	A/G	33889593	1	19
rs14810	C/G/T	34304903	1	19
rs3814995	C/G/T	36342212	1	19
rs12983238	A/G/T	39438532	1	19
rs2303728	G/T	41114065	1	19
rs143697240	T/C	41230611	1	19
rs11671669	G/A	41324392	1	19
rs7507400	G/T	41330179	1	19
rs56113850	T/C	41353107	1	19
rs55921593	G/T	41353897	1	19
rs111240159	C/T	41371458	1	19
rs111390860	G/A/C	41383115	1	19
rs3844442	T/A	41415112	1	19
rs3181842	C/T	41523016	1	19
rs73045269	C/T	41825191	1	19
rs12980942	G/A	41832231	1	19
rs4803455	C/A	41851509	1	19
rs8100197	G/A	45253582	1	19
rs2075650	A/G	45395619	1	19
rs429358	T/C	45411941	1	19
rs7412	C/T	45412079	1	19
rs484195	A/C/G/T	45421877	1	19
rs11673093	G/A	45742094	1	19
rs8108269	T/G	46158513	1	19
rs11672660	C/T	46180184	1	19
rs1964272	G/A	46190268	1	19
rs4803848	T/C	46205050	1	19
rs8103278	G/A/C	46370381	1	19
rs3810299	T/C	46800228	1	19
rs55706574	G/A	47556180	1	19
rs3810291	G/A	47569003	1	19
rs60196658	T/C	48357430	1	19
rs212100	T/C	48376995	1	19
rs2910400	G/T	48394042	1	19
rs11670965	A/G	48468770	1	19
rs1236093	C/T	49104308	1	19
rs838145	G/A	49248730	1	19
rs73046792	G/A	49605705	1	19
rs138877676	G/T	50935809	1	19
rs10426	G/A	51517798	1	19
rs8113404	C/T	53065579	1	19
rs11606	C/G	54658102	1	19
rs10176391	C/G	574368	1	2
rs12714412	G/A/T	608551	1	2
rs2867125	T/A/C	622827	1	2
rs13021737	A/G	632348	1	2
rs4850047	T/C	3634753	1	2
rs891058	G/A	8442547	1	2
rs112393817	C/G	9807226	1	2
rs112346692	C/A	16229299	1	2
rs67720684	C/A	18975439	1	2
rs16986953	G/A	19942473	1	2
rs7604788	C/T	21190024	1	2
rs515135	T/C	21286057	1	2
rs541041	G/A	21294975	1	2
rs10182181	A/G	25150296	1	2
rs7578393	C/T	26165528	1	2
rs11126666	G/A	26928811	1	2
rs1260326	T/C/G	27730940	1	2
rs780094	T/C	27741237	1	2
rs77644716	G/A/C	27991368	1	2
rs11127186	T/C	28881407	1	2
rs17009315	A/G	30491392	1	2
rs58387006	A/C/G	32579999	1	2
rs1607644	G/A	34679626	1	2
rs13392090	C/A	36580097	1	2
rs2707238	C/G/T	38094149	1	2
rs17334919	C/T	43707385	1	2
rs35590893	G/A	43716933	1	2
rs6544713	T/C	44073881	1	2
rs76866386	T/C	44075483	1	2
rs75120545	C/T	44271496	1	2
rs528301	G/A	45154908	1	2
rs582384	C/A/G	45896437	1	2
rs6545155	T/C	50429861	1	2
rs10189186	A/G	53025757	1	2
rs2920899	G/T	55279681	1	2
rs12997900	A/G	58795962	1	2
rs4671328	T/G	58935282	1	2
rs6723486	C/G/T	58979783	1	2
rs727857	G/A	58981967	1	2
rs1016287	T/A/C/G	59305625	1	2
rs72816333	A/T	60096560	1	2
rs243019	T/A/C	60585806	1	2
rs11125871	C/T	61470126	1	2
rs7608483	A/C	61836235	1	2
rs6739804	T/A/C	63269604	1	2
rs58235267	C/G/T	63277843	1	2
rs13014371	T/C	64217786	1	2
rs1009358	T/C	65276452	1	2
rs2540949	A/T	65284231	1	2
rs840967	C/A/T	65701757	1	2
rs2300481	C/T	66782467	1	2
rs12052761	G/A	69065841	1	2
rs6747542	T/A/C	70106832	1	2
rs35668054	C/T	72054837	1	2
rs10193543	T/G	72483329	1	2
rs6730785	A/C/T	73642403	1	2
rs13391258	C/G/T	73848933	1	2
rs6743030	C/T	85763520	1	2
rs72847885	A/G	86326717	1	2
rs72926475	G/A	86594487	1	2
rs115528323	C/T	95972159	1	2
rs4851462	T/C	98357163	1	2
rs6724965	A/G	101440151	1	2
rs3849374	G/C	101443397	1	2
rs2310173	T/C/G	102663628	1	2
rs9677150	C/A	102721214	1	2
rs2302612	T/C	102851708	1	2
rs13022799	A/G	102956262	1	2
rs10197862	A/G	102966549	1	2
rs1468789	C/T	103092503	1	2
rs4851621	C/T	103252467	1	2
rs72837826	G/T	111933001	1	2
rs10169613	C/T	111934977	1	2
rs138308793	G/A	112250758	1	2
rs28377357	G/A	112769721	1	2
rs62158170	A/G	114082175	1	2
rs7569755	G/A	118648261	1	2
rs12617659	C/T	121309759	1	2
rs10864859	G/C/T	121440218	1	2
rs2580350	G/A	121996007	1	2
rs6723509	T/C	122000745	1	2
rs13001283	G/A	127183454	1	2
rs28387148	C/T	127433465	1	2
rs4954192	C/T	135632981	1	2
rs72844590	G/T	138421227	1	2
rs2890652	T/C	142959931	1	2
rs7425446	T/A	143777498	1	2
rs7606205	A/C	144146311	1	2
rs4233567	C/T	144272376	1	2
rs6740731	G/A/C/T	145270592	1	2
rs67969609	C/G	145760353	1	2
rs2252641	T/C/G	145801461	1	2
rs34570306	C/T	146272860	1	2
rs62169544	G/A	146950908	1	2
rs12990959	T/C	148572160	1	2
rs1220128	G/A/C	158499902	1	2
rs72936986	A/C	159429379	1	2
rs7572970	A/G/T	161136656	1	2
rs79523138	A/G	161368213	1	2
rs55732192	G/T	162278233	1	2
rs6741949	G/C	162910223	1	2
rs1460676	T/C	164567689	1	2
rs12999907	A/G	164957251	1	2
rs13389219	C/T	165528876	1	2
rs6712203	C/T	165557318	1	2
rs2390258	G/A	166250129	1	2
rs6758859	T/C	173965056	1	2
rs11694601	A/G	174949358	1	2
rs66772332	T/C	175240489	1	2
rs56181519	C/T	175555714	1	2
rs187355703	C/G	176993583	1	2
rs1837164	A/T	178716601	1	2
rs2288327	A/G	179411665	1	2
rs1528435	C/T	181550962	1	2
rs10184839	A/T	181946115	1	2
rs12473688	A/G	185033470	1	2
rs28558491	C/T	187816321	1	2
rs296797	T/C	201102905	1	2
rs3820888	T/C	201180023	1	2
rs72926986	G/T	203519264	1	2
rs6728861	G/A	203873743	1	2
rs2162003	T/A/C	205077128	1	2
rs1263671	T/C	207996447	1	2
rs17203016	A/G	208255518	1	2
rs1047891	C/A	211540507	1	2
rs12694277	T/A/C	213188795	1	2
rs35544454	A/T	213266003	1	2
rs7599312	G/A	213413231	1	2
rs1250229	T/C	216304384	1	2
rs2571445	A/G/T	218683154	1	2
rs3791944	A/C/T	218743211	1	2
rs1996992	G/T	219651349	1	2
rs6713510	G/A	227034499	1	2
rs2972144	A/G	227101411	1	2
rs10175070	G/A/C	228670575	1	2
rs7423358	T/C	228704721	1	2
rs7561798	A/G	228973660	1	2
rs1044822	C/T	230629138	1	2
rs2012736	C/A	234622379	1	2
rs35203651	T/C	234679549	1	2
rs2059752	C/T	235793752	1	2
rs11677932	G/A	238223955	1	2
rs4507125	A/C	239864732	1	2
rs139354822	T/C	242344695	1	2
rs35706074	C/T	242672161	1	2
rs34290285	G/A	242698640	1	2
rs34336836	G/A	242929028	1	2
rs7266274	C/T	4098684	1	20
rs1232482	C/T	11886643	1	20
rs2618647	A/G	17882452	1	20
rs6515236	A/C	22435749	1	20
rs6106989	G/A	25027630	1	20
rs2424888	G/A/C	31047533	1	20
rs13042148	C/T	32298286	1	20
rs6059662	A/G	32675727	1	20
rs2295353	C/T	33356511	1	20
rs867186	A/G	33764554	1	20
rs2207132	G/A	39142516	1	20
rs6129631	C/T	39190359	1	20
rs116161927	A/T	39228662	1	20
rs6102343	G/A	39924279	1	20
rs4810332	T/A/G	40268334	1	20
rs4810426	C/T	43001721	1	20
rs8114057	G/A	43036452	1	20
rs3827066	C/T	44586023	1	20
rs2425757	T/C/G	44792921	1	20
rs6066138	G/A/T	45594711	1	20
rs6021247	G/A	50108980	1	20
rs6126249	G/A	50142623	1	20
rs6091540	C/T	51087862	1	20
rs2801008	T/C/G	51788718	1	20
rs1555926	C/T	52184944	1	20
rs13041834	T/C	52703284	1	20
rs6123359	A/G	52714706	1	20
rs6097767	G/A	52717067	1	20
rs62215618	T/C	52720277	1	20
rs6013892	C/A	52724216	1	20
rs78767971	A/C	52724238	1	20
rs17216707	T/C	52732362	1	20
rs2585444	G/T	52735572	1	20
rs2585442	C/G	52737123	1	20
rs62214475	T/C	52738421	1	20
rs17289298	C/A	52739145	1	20
rs8121940	C/G	52742306	1	20
rs2296240	A/G	52775728	1	20
rs140433285	C/T	52776021	1	20
rs3787557	T/C	52783135	1	20
rs2762942	G/A	52788925	1	20
rs2762943	T/G	52790786	1	20
rs260020	C/T	57714025	1	20
rs2273500	T/C	61986949	1	20
rs6011033	A/G/T	62322699	1	20
rs6011153	G/C	62450502	1	20
rs6062549	G/A	62488216	1	20
rs35213536	G/T	62694319	1	20
rs2229742	G/C	16339172	1	21
rs1882961	C/A/T	16556367	1	21
rs2832227	A/G	30533076	1	21
rs28451064	G/A	35593827	1	21
rs7282881	C/T	35679780	1	21
rs2834618	T/G	36119111	1	21
rs11088309	C/A/G	36464631	1	21
rs8128234	C/T	36470865	1	21
rs9979383	C/G/T	36715761	1	21
rs62229372	C/T	37692507	1	21
rs2836754	T/C	40291740	1	21
rs1571737	T/C	43530671	1	21
rs5992929	C/T	18451977	1	22
rs464901	T/A/C	18597502	1	22
rs6003465	T/C	23365501	1	22
rs62233066	A/G	24672718	1	22
rs133902	C/G/T	26164079	1	22
rs8141828	T/A/C/G	26243059	1	22
rs9608690	G/A	28921347	1	22
rs16988333	A/G	30552813	1	22
rs2074735	G/C	31535872	1	22
rs9609429	T/C	32517431	1	22
rs240069	C/G	34083187	1	22
rs760517	C/T	37258986	1	22
rs6001960	A/G	40943032	1	22
rs960596	C/T	41393520	1	22
rs202636	T/C	41852479	1	22
rs4823182	A/G	44377442	1	22
rs9627391	C/T	46447097	1	22
rs28578714	T/C	50727921	1	22
rs139814298	G/A	50769407	1	22
rs115621755	C/T	50853134	1	22
rs9865843	A/G	7489993	1	3
rs9875338	G/A	12296469	1	3
rs1899951	C/T	12394840	1	3
rs3729931	G/A	12626516	1	3
rs13101202	A/C	12699361	1	3
rs7650482	A/G	12841804	1	3
rs9842231	T/C	14900900	1	3
rs34991912	T/A/C	14926351	1	3
rs6442608	T/C	16588273	1	3
rs2084533	C/T	16872929	1	3
rs2014490	G/A	16972211	1	3
rs6550617	A/G	18777836	1	3
rs189267552	T/A	20073193	1	3
rs4634143	T/C	23163749	1	3
rs1496653	A/G	23454790	1	3
rs73041705	T/C	24463235	1	3
rs6804842	A/G	25106437	1	3
rs7628351	G/A/C/T	25422475	1	3
rs111464338	T/C	26922146	1	3
rs72851229	G/C	29374219	1	3
rs12638085	T/A/G	30405936	1	3
rs35570272	G/T	33047662	1	3
rs79761396	G/A	33164651	1	3
rs7373065	T/C/G	38710315	1	3
rs6790396	C/G	38771925	1	3
rs6788984	A/G	41107173	1	3
rs9311344	G/A	43940061	1	3
rs7633770	G/A	46688562	1	3
rs113134141	A/G	46861939	1	3
rs11926707	T/C	46925539	1	3
rs11721328	G/A	47397300	1	3
rs7617773	C/T	48193515	1	3
rs7431710	G/A/C	48935583	1	3
rs73082337	C/G	49009570	1	3
rs78807522	C/A/T	49056150	1	3
rs2246832	A/T	49881134	1	3
rs11721204	C/T	49982765	1	3
rs762895	C/G	50429282	1	3
rs2236983	T/C	50490244	1	3
rs73078636	G/A	51441307	1	3
rs11130324	T/A/G	52770310	1	3
rs77347777	C/T	52848207	1	3
rs11130567	C/T	57074119	1	3
rs12486605	T/C/G	57706503	1	3
rs2365389	C/T	61236462	1	3
rs3774702	G/A	63856870	1	3
rs2292662	C/T	63897215	1	3
rs6795735	C/A/G/T	64705365	1	3
rs34080181	G/A/C	66454191	1	3
rs17005647	C/T	69406181	1	3
rs4499560	A/T	70920485	1	3
rs61192126	T/C	72394852	1	3
rs3849570	C/A	81792112	1	3
rs6549007	G/A/C	85044736	1	3
rs28732378	A/G	85403892	1	3
rs113642272	G/A/C/T	85579472	1	3
rs6782190	G/A	85639672	1	3
rs1375564	C/T	85656311	1	3
rs13078960	T/G	85807590	1	3
rs6771054	T/A/C/G	89489529	1	3
rs11923667	T/A	101268080	1	3
rs28675079	G/A	111500002	1	3
rs10804493	G/A	111554426	1	3
rs6788410	G/A	111682183	1	3
rs7622814	T/G	112650431	1	3
rs1882289	G/A	114461208	1	3
rs9877891	T/C	119260866	1	3
rs2141615	C/A/T	121620787	1	3
rs9834975	A/T	122117663	1	3
rs11708067	A/G	123065778	1	3
rs4678145	G/A/C	124450081	1	3
rs6438857	T/C	124557643	1	3
rs6438900	C/G	125148287	1	3
rs2811525	T/C	127999430	1	3
rs2369796	A/T	132196816	1	3
rs10512861	G/A/T	132257961	1	3
rs9875380	C/G/T	132780356	1	3
rs1278493	G/A/C	135814009	1	3
rs590198	G/A/T	135953729	1	3
rs667920	G/T	136069472	1	3
rs185244	C/T	138092889	1	3
rs13077048	A/T	141106954	1	3
rs16851483	G/T	141275436	1	3
rs9861009	T/C	141654685	1	3
rs34186890	A/G	141720712	1	3
rs893982	C/G	148616274	1	3
rs62271373	T/A	150066540	1	3
rs9844972	G/A/C	150097635	1	3
rs4472028	T/A/C	152053250	1	3
rs73158427	T/A	153721493	1	3
rs789294	C/G/T	154057741	1	3
rs4266144	C/A/G	156852592	1	3
rs78151625	T/C	158316726	1	3
rs11925227	G/A	170766618	1	3
rs12897	G/A	172115902	1	3
rs7626218	A/T	176852038	1	3
rs7611674	T/G	179169230	1	3
rs7612445	G/T	179172979	1	3
rs262986	G/A/T	183435713	1	3
rs16860229	C/T	185509841	1	3
rs7651090	A/G	185513392	1	3
rs1516725	T/C	185824004	1	3
rs3887925	C/T	186665645	1	3
rs11927120	C/A/G/T	187416666	1	3
rs13065599	G/A	187632967	1	3
rs12631112	G/T	187645813	1	3
rs509399	C/T	187681712	1	3
rs6808574	T/A/C/G	187740523	1	3
rs12633719	T/C	187770606	1	3
rs9852988	A/G	188045016	1	3
rs13099273	A/G/T	188133518	1	3
rs55661102	A/G	188401138	1	3
rs9883953	G/C/T	188474856	1	3
rs6776964	G/A/T	189304602	1	3
rs1706003	G/A/T	194299967	1	3
rs60902112	C/T	194800853	1	3
rs1823236	T/C	195764299	1	3
rs9869437	C/A	196228360	1	3
rs9846777	G/A/C/T	196332734	1	3
rs1684466	G/A/C	196359310	1	3
rs80064395	C/A/T	196372546	1	3
rs6777317	G/A/C	197070959	1	3
rs55829085	A/C/T	2165493	1	4
rs231708	G/C/T	2694773	1	4
rs78649910	T/A	3482213	1	4
rs1801214	C/A/G/T	6303022	1	4
rs4364259	G/A	15892159	1	4
rs2610990	A/G	18008232	1	4
rs28667801	A/T	26785356	1	4
rs1878825	C/G	36091370	1	4
rs5743618	C/A	38798648	1	4
rs28712821	G/A	39413780	1	4
rs2687962	T/C/G	39441161	1	4
rs16854020	G/A	42117559	1	4
rs13130484	C/A/T	45175691	1	4
rs12511987	T/C/G	46595623	1	4
rs17086692	G/T	53134293	1	4
rs11945489	C/T	56463775	1	4
rs4616820	C/T	57745481	1	4
rs17081933	T/A	57822869	1	4
rs1718845	A/G/T	57943153	1	4
rs11725618	T/C	67053769	1	4
rs13141210	C/T	67891641	1	4
rs145428422	G/A	69370629	1	4
rs144708168	C/T	69371054	1	4
rs146966517	T/G	69533189	1	4
rs115582298	C/A/G/T	69593064	1	4
rs7439366	T/C	69964338	1	4
rs13115350	A/C	70005087	1	4
rs72501235	A/G	70064937	1	4
rs74193959	G/A/C	70065226	1	4
rs11249443	G/A	70365831	1	4
rs12502677	A/C	70438197	1	4
rs113899401	C/A	71755578	1	4
rs71599974	A/G	71765339	1	4
rs140090695	A/C/G	71879590	1	4
rs10008500	A/T	72059013	1	4
rs13147721	G/A	72127321	1	4
rs12644090	A/T	72199410	1	4
rs112954259	G/A	72236390	1	4
rs116632186	C/G	72266729	1	4
rs79568298	A/G	72312243	1	4
rs10084913	A/G/T	72338030	1	4
rs9291201	T/A	72342661	1	4
rs7675923	A/G	72345872	1	4
rs2278892	C/A/G	72413746	1	4
rs1043218	A/G	72436235	1	4
rs148843488	G/T	72474739	1	4
rs114372900	G/T	72489719	1	4
rs138051045	A/C/G	72503098	1	4
rs116119339	G/A/C	72509457	1	4
rs79777036	C/T	72520861	1	4
rs9995055	A/G	72539021	1	4
rs80067728	A/G	72545970	1	4
rs4694423	C/A/G	72554159	1	4
rs145892521	A/G	72556456	1	4
rs112704913	A/G	72571221	1	4
rs111978466	C/T	72580841	1	4
rs75980237	T/G	72590380	1	4
rs222054	C/G	72604299	1	4
rs62302166	T/C/G	72639207	1	4
rs74706296	C/T	72664972	1	4
rs76781122	C/A/T	72669661	1	4
rs72645662	C/T	72681568	1	4
rs139959724	A/G	72710250	1	4
rs72648080	G/A	72732281	1	4
rs59043121	A/G	72735857	1	4
rs1829540	T/A	72758376	1	4
rs115201553	A/G	72885186	1	4
rs6838307	C/G/T	73052613	1	4
rs6840004	A/T	73061539	1	4
rs10518099	T/C	73103767	1	4
rs150270324	T/C	73178175	1	4
rs75083111	G/T	73216116	1	4
rs13120274	G/A	73239523	1	4
rs34587285	C/T	73349491	1	4
rs35335215	T/C	73435619	1	4
rs190823861	G/A/T	73505911	1	4
rs79614727	G/T	73630370	1	4
rs12647893	G/C/T	73741027	1	4
rs114582879	T/A	73902048	1	4
rs7685187	G/T	74125027	1	4
rs17805665	G/A/C	74472268	1	4
rs17001654	C/G	77129568	1	4
rs62300825	G/A	77205319	1	4
rs10008637	T/A/C	77414144	1	4
rs12500824	A/G/T	77416627	1	4
rs1458038	C/T	81164723	1	4
rs10857147	A/T	81181072	1	4
rs11099493	A/C/G	82587050	1	4
rs993380	A/G	83584496	1	4
rs342466	C/T	88053085	1	4
rs6834488	C/A/T	88178919	1	4
rs9991501	T/C	88258483	1	4
rs11732896	G/A	88287993	1	4
rs13149209	T/C	89750668	1	4
rs7694000	A/T	95324968	1	4
rs1347345	G/A	95938386	1	4
rs3775058	A/T	96117371	1	4
rs12507691	T/A	96591676	1	4
rs12507806	C/A/T	99619357	1	4
rs71612659	G/A	99691047	1	4
rs4699680	G/A	99759132	1	4
rs189407772	A/G	100146674	1	4
rs1229984	T/C/G	100239319	1	4
rs3114045	T/A/C	100252560	1	4
rs1154433	A/G/T	100253708	1	4
rs283412	A/G	100267672	1	4
rs6843522	G/A/C	100292765	1	4
rs28855697	C/G/T	100294372	1	4
rs2035816	A/G	100508556	1	4
rs17248480	G/A	102435265	1	4
rs13107325	C/A/T	103188709	1	4
rs223361	T/C	103769304	1	4
rs6818418	T/C/G	103890430	1	4
rs7674212	G/A/T	103988899	1	4
rs7694643	G/A	109017528	1	4
rs141752220	G/A	111322260	1	4
rs13118687	G/A/T	111406496	1	4
rs192667187	T/A/C	111406819	1	4
rs10006051	T/A	111442366	1	4
rs10213638	A/T	111488510	1	4
rs72656974	C/T	111530999	1	4
rs976568	G/T	111550721	1	4
rs113640213	G/A/C	111569231	1	4
rs17746631	A/G	111586444	1	4
rs6854883	C/T	111607315	1	4
rs114014056	T/C	111626456	1	4
rs62337205	A/G	111650325	1	4
rs17042102	G/A	111668626	1	4
rs2634074	T/A	111677041	1	4
rs113792076	C/G	111712429	1	4
rs13105878	C/A	111718147	1	4
rs4834418	A/G/T	111723804	1	4
rs3855819	C/G/T	111727163	1	4
rs6838973	C/T	111765495	1	4
rs11098092	G/A	111798201	1	4
rs145218231	C/T	111831926	1	4
rs13149878	T/C	111863148	1	4
rs297006	A/G	112006917	1	4
rs72674110	G/T	112093543	1	4
rs1472076	C/T	112178845	1	4
rs34311906	T/C	113732090	1	4
rs6829664	A/G	114448656	1	4
rs4834735	T/C	119958809	1	4
rs1799883	T/A/C/G	120241902	1	4
rs7678555	A/C	120909501	1	4
rs45613035	T/C	123141070	1	4
rs17454584	A/G	123353432	1	4
rs45471701	G/A/T	123388339	1	4
rs11098676	T/C	123833154	1	4
rs7439567	C/A/T	138464842	1	4
rs331939	G/A/T	143654889	1	4
rs72719160	A/G/T	144051276	1	4
rs11727676	T/C	145659064	1	4
rs4593108	C/G	148281001	1	4
rs6841581	G/A/T	148401190	1	4
rs10213171	C/G	148937537	1	4
rs6823767	T/C	151295085	1	4
rs4696248	C/A	152254350	1	4
rs7685296	C/T	153254121	1	4
rs2066864	G/A	155525695	1	4
rs2880099	A/C/T	156432368	1	4
rs7692387	G/A	156635309	1	4
rs17035181	T/G	157678511	1	4
rs78231605	C/T	160180569	1	4
rs3890624	A/G	166251068	1	4
rs7696431	T/G	169687725	1	4
rs10520260	A/G	174447349	1	4
rs74500426	G/T	174642789	1	4
rs735949	T/C	185716232	1	4
rs4957026	A/G	361148	1	5
rs10069690	C/T	1279790	1	5
rs954767	A/C	3706050	1	5
rs112941079	A/G	9546098	1	5
rs16903574	C/A/G	14610309	1	5
rs1061813	G/A	14847331	1	5
rs74774746	G/A/C	33411769	1	5
rs7717955	C/T	35862841	1	5
rs172906	A/C	38616887	1	5
rs700221	A/G	39357175	1	5
rs2940928	A/G	42423905	1	5
rs6875967	A/G	50878292	1	5
rs4865796	G/A	53272664	1	5
rs1694068	T/A	53283630	1	5
rs459193	A/G	55806751	1	5
rs3936511	A/G	55860781	1	5
rs13179413	C/T	55868097	1	5
rs17735275	G/A	56558949	1	5
rs12515541	G/T	57095011	1	5
rs1848510	G/A	57754005	1	5
rs10062049	C/T	61553881	1	5
rs3121685	C/T	65662133	1	5
rs4286632	A/G	66291370	1	5
rs246973	C/T	68007803	1	5
rs10040192	T/C	71695880	1	5
rs2307111	T/A/C	75003678	1	5
rs2112347	T/G	75015242	1	5
rs6878122	G/A	76427311	1	5
rs4916723	A/C/G/T	87854395	1	5
rs10070734	T/A/C	87940026	1	5
rs62380354	A/C	89484911	1	5
rs7731530	C/A	91983354	1	5
rs709668	A/G	96174186	1	5
rs7729395	C/T	102100576	1	5
rs6596717	C/A/G	106427609	1	5
rs31612	T/C	108996643	1	5
rs189272893	G/C	109795994	1	5
rs6869502	A/T	110166083	1	5
rs62375550	G/C	110387125	1	5
rs1837253	T/C	110401872	1	5
rs59359951	T/A	110448753	1	5
rs6594499	C/A	110470137	1	5
rs77751155	T/C	110554889	1	5
rs306067	G/A/C	110710360	1	5
rs529279	C/T	111098877	1	5
rs10077431	C/A	112927686	1	5
rs337705	T/A/G	113737062	1	5
rs7723727	T/A	114372452	1	5
rs1966478	T/A/C	118627319	1	5
rs3813308	C/G	118690781	1	5
rs62373688	T/A	127352807	1	5
rs10520002	G/A	127819132	1	5
rs1035407	G/A/C/T	128181345	1	5
rs273909	A/G	131667353	1	5
rs3749833	T/C	131799626	1	5
rs17772583	A/G	131953510	1	5
rs848	A/C	131996500	1	5
rs116516980	T/A	132054545	1	5
rs809125	A/G	132128171	1	5
rs55747751	G/A/T	132397351	1	5
rs62379371	G/A	133439274	1	5
rs739701	A/G	136739650	1	5
rs11745324	G/A	137012171	1	5
rs62374116	A/G	137153796	1	5
rs2040862	C/T	137419989	1	5
rs2240331	C/A	137780368	1	5
rs186665120	G/A	137860472	1	5
rs13166235	G/A	139396275	1	5
rs702395	C/T	140086677	1	5
rs252128	T/C	141406997	1	5
rs249681	G/A/C	141538017	1	5
rs10044693	T/A	141599556	1	5
rs3776299	G/A/C	142507651	1	5
rs246600	C/T	142516897	1	5
rs6580277	A/G	142818123	1	5
rs9325107	G/C/T	148016857	1	5
rs7715256	G/T	153537893	1	5
rs55872084	G/T	155902003	1	5
rs11746314	A/G	156752957	1	5
rs77625383	T/C	157231462	1	5
rs4921290	A/G/T	159914240	1	5
rs12188351	G/A	168386089	1	5
rs114503346	C/T	172192350	1	5
rs6890182	A/G	172600288	1	5
rs6891790	G/T	172670745	1	5
rs56180201	G/A/C/T	173392960	1	5
rs28362590	G/C/T	176731452	1	5
rs35716097	C/T	176806636	1	5
rs33921462	G/A	176814656	1	5
rs12153395	G/A/T	179411477	1	5
rs11242678	C/T	1337180	1	6
rs2745599	A/G/T	1613686	1	6
rs2842356	C/A/G	7262540	1	6
rs1050226	A/C/G	7281654	1	6
rs1412748	T/A	12756658	1	6
rs9349379	A/G	12903957	1	6
rs11753838	G/A	13109015	1	6
rs4711939	T/C	13222877	1	6
rs179972	C/T	16362692	1	6
rs73366713	G/A/T	16415751	1	6
rs34969716	G/A	18210109	1	6
rs11964747	C/T	20485898	1	6
rs7756992	A/G/T	20679709	1	6
rs9368222	C/A/T	20686996	1	6
rs952579	G/A	21884440	1	6
rs6909752	G/A	22612629	1	6
rs72834856	T/G	22801858	1	6
rs12661604	G/A/C	23181119	1	6
rs75865451	G/A	25588285	1	6
rs78151190	A/C	25619007	1	6
rs1009181	T/C	26158993	1	6
rs806798	T/A/C	26214473	1	6
rs1627764	G/A/C/T	29894392	1	6
rs114089979	C/T	30924614	1	6
rs11753326	T/C	30925985	1	6
rs3869098	A/C/G	31002452	1	6
rs2523865	A/C	31018448	1	6
rs1265099	A/G	31105413	1	6
rs3132558	C/G	31105466	1	6
rs2394948	C/G	31221525	1	6
rs35735140	T/C	31320849	1	6
rs2428494	T/A/C	31322197	1	6
rs1050486	C/G/T	31324702	1	6
rs9266226	A/G	31325199	1	6
rs530851257	C/A	31362587	1	6
rs2523699	A/G	31453870	1	6
rs144596166	C/G	31454362	1	6
rs3130922	A/G/T	31461089	1	6
rs746868	C/G/T	31540429	1	6
rs34744948	G/C	31562767	1	6
rs707926	G/A/C	31748820	1	6
rs9267653	T/C	31840415	1	6
rs115699278	C/G/T	31860832	1	6
rs644045	A/G	31883957	1	6
rs28361032	A/G	31973016	1	6
rs201740698	C/T	31975716	1	6
rs77619009	A/G	32110514	1	6
rs113547322	G/T	32206619	1	6
rs3134935	T/C	32210355	1	6
rs1265764	G/A	32313659	1	6
rs56673349	A/G	32347637	1	6
rs3806155	A/T	32373378	1	6
rs146003472	T/C	32390751	1	6
rs148967059	T/A	32454755	1	6
rs534819727	C/T	32481692	1	6
rs1136778	A/G	32489711	1	6
rs185320691	G/A/C	32490292	1	6
rs575662827	T/C	32543874	1	6
rs35511257	G/A/C	32545392	1	6
rs6910879	A/G	32560739	1	6
rs11751024	C/A	32586236	1	6
rs28383454	G/C/T	32609370	1	6
rs17843560	G/T	32609388	1	6
rs78285471	A/G	32618060	1	6
rs28374650	C/T	32623367	1	6
rs73732214	G/A	32623528	1	6
rs567302488	G/A	32624377	1	6
rs1063355	T/G	32627714	1	6
rs35520662	T/G	32748029	1	6
rs2071479	C/T	32781112	1	6
rs2621323	A/G	32788707	1	6
rs241440	C/G/T	32797361	1	6
rs4148870	C/G/T	32806391	1	6
rs4148882	G/A	32816958	1	6
rs113206908	T/C	32818030	1	6
rs1042337	G/A	32904981	1	6
rs429916	C/A	32978587	1	6
rs13203715	A/G	32988588	1	6
rs3116995	T/G	33098051	1	6
rs35020498	T/A	33571302	1	6
rs10947428	T/C	33647058	1	6
rs75033162	G/A	33757990	1	6
rs115245297	T/C	34244132	1	6
rs7757419	A/T	34439569	1	6
rs2814944	G/A	34552797	1	6
rs6457796	T/C	34828553	1	6
rs9348970	G/C	35153565	1	6
rs2395622	C/T	35388758	1	6
rs1334894	C/T	35615130	1	6
rs1321309	G/A/C/T	36638636	1	6
rs3176326	G/A	36647289	1	6
rs4135240	T/C	36647680	1	6
rs7349859	G/C	39109161	1	6
rs10947789	T/C	39174922	1	6
rs4714224	G/C/T	39186743	1	6
rs143069752	T/A/C	40962537	1	6
rs6905288	G/A	43758873	1	6
rs881858	G/A/C	43806609	1	6
rs9472135	T/A/C/G	43809802	1	6
rs9369425	G/A	43810974	1	6
rs6930924	G/A/C	50790633	1	6
rs72892910	G/T	50816887	1	6
rs4715209	C/T	50829511	1	6
rs943005	C/T	50865820	1	6
rs2465031	T/A/C	51148435	1	6
rs9474801	A/G	54186999	1	6
rs71566846	C/T	57148171	1	6
rs9367716	G/T	57160572	1	6
rs9476310	C/A/T	57767576	1	6
rs504691	C/A	72206620	1	6
rs7753695	C/T	80818531	1	6
rs4613862	A/C	82612271	1	6
rs2031522	A/G	87821501	1	6
rs62408227	A/G	90965171	1	6
rs9496614	T/A/C	100613551	1	6
rs72613227	A/T	106320771	1	6
rs3800229	G/T	108996963	1	6
rs1364450	A/C	109389508	1	6
rs9386780	A/G	109584410	1	6
rs11757455	G/A	112522852	1	6
rs3822857	G/A/C	116313931	1	6
rs2693560	A/G/T	117523671	1	6
rs210628	G/C	117878313	1	6
rs2498586	C/G/T	118026126	1	6
rs3951016	T/A	118559658	1	6
rs79364213	T/G	118679919	1	6
rs74640693	A/T	118684824	1	6
rs145538762	T/C	118701108	1	6
rs9401090	T/C	119113317	1	6
rs9374842	C/T	120185665	1	6
rs9490317	T/C	121859499	1	6
rs9401451	G/A	122099152	1	6
rs13195459	G/A	122403559	1	6
rs10782230	G/A	126228512	1	6
rs1591805	A/G	126717064	1	6
rs853974	T/C	127068983	1	6
rs719727	A/G	127414838	1	6
rs41285280	C/T	128291649	1	6
rs7738609	C/T	128295502	1	6
rs9885632	C/A/G/T	131311909	1	6
rs2246012	T/A/C	131898208	1	6
rs2608984	A/T	131918839	1	6
rs2248551	G/A/T	131924689	1	6
rs2209044	C/T	134132238	1	6
rs2327429	T/C	134209837	1	6
rs2627230	A/T	134379869	1	6
rs2614266	A/T	135716532	1	6
rs13201877	A/G	137675541	1	6
rs6927172	C/A/G/T	138002175	1	6
rs9494895	C/T	138234778	1	6
rs668459	C/T	139835689	1	6
rs7763294	T/A/G	140383733	1	6
rs7765526	A/G	147713764	1	6
rs6936508	G/A	149301077	1	6
rs117984853	G/T	149399100	1	6
rs12190660	T/C/G	149781890	1	6
rs17080091	C/T	150997401	1	6
rs9479509	G/A	153427265	1	6
rs598682	A/G/T	154418759	1	6
rs4870312	T/A	155120819	1	6
rs118018713	T/A	159753462	1	6
rs686168	C/T	159951508	1	6
rs3822842	C/T	160465456	1	6
rs62440900	T/C	160566092	1	6
rs146534110	G/T	160578069	1	6
rs9457853	G/A	160603594	1	6
rs12205178	G/A/T	160648923	1	6
rs624249	C/A/T	160679400	1	6
rs9295128	G/T	160751531	1	6
rs622217	T/A/C	160766770	1	6
rs12660365	G/A/C	160809624	1	6
rs6938647	A/C	160986915	1	6
rs55730499	C/T	161005610	1	6
rs73596816	G/A	161017363	1	6
rs11751347	C/T	161092438	1	6
rs1998043	A/G	161097871	1	6
rs186696265	C/T	161111700	1	6
rs2314852	G/A/C	161122787	1	6
rs1835346	A/G	161162290	1	6
rs79684526	A/G	161246704	1	6
rs7760467	A/G	161385757	1	6
rs9456648	C/T	161712235	1	6
rs13191362	A/G	163033350	1	6
rs12665161	G/A	163749986	1	6
rs2144249	T/C	170694084	1	6
rs73033340	A/G	1195692	1	7
rs11761603	T/C	1286912	1	7
rs10267593	G/A	1937261	1	7
rs6959688	A/G	1966831	1	7
rs111246112	A/T	3055099	1	7
rs73033560	G/C	3157276	1	7
rs73049928	A/G	4669949	1	7
rs4724806	G/C	6487131	1	7
rs1468520	A/G/T	7290732	1	7
rs11509880	G/A	12261911	1	7
rs55734480	G/A	14372009	1	7
rs17168486	C/T	14898282	1	7
rs2191348	G/T	15064255	1	7
rs818508	T/A/C	16719917	1	7
rs3807925	A/G/T	18543250	1	7
rs2107595	G/A	19049388	1	7
rs3757727	T/C	20411897	1	7
rs2390314	A/C/T	20455978	1	7
rs7802450	T/A	20570071	1	7
rs17144574	T/C	21563471	1	7
rs10085881	T/C	21577960	1	7
rs4507656	C/G	22156538	1	7
rs1800797	A/G	22766221	1	7
rs12979	C/G/T	24738164	1	7
rs1011390	C/A/G/T	26420092	1	7
rs10274928	A/G/T	28142088	1	7
rs917117	G/A	28176305	1	7
rs849135	G/A	28196413	1	7
rs6462079	G/A/C	28415827	1	7
rs10233127	T/A	30933453	1	7
rs215600	G/A/C	32333642	1	7
rs7781425	G/A	34944387	1	7
rs342989	A/G	35467896	1	7
rs2908282	G/A/C	44248828	1	7
rs73105827	G/T	45036785	1	7
rs2107732	G/A	45077978	1	7
rs17454517	A/G/T	50915776	1	7
rs6593297	A/C/T	56122058	1	7
rs75419061	A/G	64003970	1	7
rs7784802	A/T	64015379	1	7
rs2222544	T/C	69769369	1	7
rs10085696	A/G	69783020	1	7
rs1178979	T/C	72856430	1	7
rs34324971	G/A/T	74107374	1	7
rs35005436	T/C/A/G	74134911	1	7
rs113160991	G/A/C	75094329	1	7
rs6963105	A/G/C/T	75097488	1	7
rs1167827	A/G	75163169	1	7
rs41301394	C/T	75612803	1	7
rs2190097	C/T	77038945	1	7
rs848445	T/C	77572461	1	7
rs3807101	C/T	80393418	1	7
rs56201652	G/A	92278116	1	7
rs1947228	T/A/C	96461649	1	7
rs7788746	G/A/C/T	99612405	1	7
rs75741381	C/G	100809458	1	7
rs2299383	C/T	103418846	1	7
rs2299409	G/A/T	103812171	1	7
rs6966728	C/G/T	104618318	1	7
rs1858889	A/C	107117447	1	7
rs2189839	A/G	107230026	1	7
rs12536606	C/T	107907875	1	7
rs17242375	C/T	115660537	1	7
rs11549785	C/G/T	115850675	1	7
rs12530912	T/G	116127529	1	7
rs11773845	C/A	116191301	1	7
rs975722	A/G	117332914	1	7
rs13239186	C/T	117510621	1	7
rs6466878	T/C	123272278	1	7
rs6953231	C/T	127681555	1	7
rs55985730	T/G	128417044	1	7
rs11556924	C/A/T	129663496	1	7
rs13234269	T/A/G	130429186	1	7
rs34072724	G/A	130432469	1	7
rs2346264	A/C	133536351	1	7
rs1722886	A/T	134215259	1	7
rs10237377	G/T	139757136	1	7
rs12703989	G/A	140238048	1	7
rs11771693	A/G	150050111	1	7
rs7789146	G/A	150661409	1	7
rs3918226	C/T	150690176	1	7
rs10224002	A/G	151415041	1	7
rs6951574	T/A/C	153489744	1	7
rs1870735	C/G	155744303	1	7
rs9638084	A/G	156311745	1	7
rs7786095	A/G	156983847	1	7
rs4875958	G/A/C	1721090	1	8
rs2922895	G/C	6379932	1	8
rs61040371	T/C	8503700	1	8
rs34290760	C/G/T	9185179	1	8
rs10102352	A/C/G/T	9206069	1	8
rs62491354	G/A	9730663	1	8
rs1986971	A/G	10268736	1	8
rs10100265	A/C	10633159	1	8
rs35620480	A/C	11499908	1	8
rs804281	A/G/T	11611865	1	8
rs7508	G/A	17913970	1	8
rs6997340	T/C	18286997	1	8
rs6997330	G/A/C	19800529	1	8
rs268	A/G	19813529	1	8
rs17091891	T/A/C	19843171	1	8
rs17411031	C/G	19852310	1	8
rs11204085	T/C	19940796	1	8
rs7834729	G/T	21821778	1	8
rs6984210	C/G	22033615	1	8
rs1047030	A/G	22428708	1	8
rs62503324	C/T	23400615	1	8
rs4871907	C/A	23786784	1	8
rs34726834	C/T	25889606	1	8
rs28692966	G/A/C	25892919	1	8
rs2741351	A/C/G	27418040	1	8
rs73229090	C/A	27442127	1	8
rs2979470	T/C	30288272	1	8
rs10087241	G/A	30863722	1	8
rs12681990	T/C	36859186	1	8
rs1906672	G/A	38130025	1	8
rs516946	T/A/C	41519248	1	8
rs58379124	T/A/C	42579203	1	8
rs72639047	G/A	49415598	1	8
rs4873492	C/T	51947549	1	8
rs4738684	A/G/T	59393273	1	8
rs6996733	T/C	60535824	1	8
rs57459725	C/G	61312205	1	8
rs2354862	A/C	64501744	1	8
rs790564	A/C	64604218	1	8
rs13253358	C/T	68920135	1	8
rs7843475	C/G/T	72475748	1	8
rs2060604	T/C	76650334	1	8
rs1405349	C/T	77192089	1	8
rs4739738	G/A	81291645	1	8
rs72688070	C/T	81393697	1	8
rs56345595	A/G	82814156	1	8
rs2142141	G/C	90940205	1	8
rs7845219	T/C	95937502	1	8
rs142449193	C/T	102750597	1	8
rs10093110	G/A/T	106565414	1	8
rs12056768	T/G	116988527	1	8
rs3802177	G/A	118185025	1	8
rs62521286	A/G	124551975	1	8
rs4871397	G/C/T	124635197	1	8
rs13270541	G/A	124794849	1	8
rs6982502	C/T	126479362	1	8
rs28601761	C/G	126500031	1	8
rs62523863	G/A	126520544	1	8
rs13277355	A/G	128777719	1	8
rs4598218	C/T	129483956	1	8
rs6994744	A/C/G	141740868	1	8
rs10087782	T/C	141858620	1	8
rs4129585	A/C	143312933	1	8
rs56233017	G/A	144981488	1	8
rs34173062	G/A/C	145158607	1	8
rs2294120	A/G	146003567	1	8
rs2978398	G/A/T	146130326	1	8
rs60191654	A/G	753648	1	9
rs12216886	T/G	2493751	1	9
rs10974438	A/C	4291928	1	9
rs28558845	G/A/C/T	4334791	1	9
rs66632892	G/A	5866925	1	9
rs117134689	C/G	5936490	1	9
rs340934	G/C/T	6081804	1	9
rs2381384	C/A	6101939	1	9
rs9695132	G/A/T	6182285	1	9
rs992969	A/G/T	6209697	1	9
rs7848919	G/A	6532477	1	9
rs2890723	A/C/G/T	6648728	1	9
rs1332813	T/C	9350706	1	9
rs35287509	T/C	10594635	1	9
rs7874646	C/T	13899209	1	9
rs4740619	T/A/C	15634326	1	9
rs2518710	C/A/G	21901128	1	9
rs62556523	G/A	21937687	1	9
rs117197971	A/G	21951175	1	9
rs13288666	T/C	21973857	1	9
rs36228834	T/A	21975319	1	9
rs1063192	G/A/T	22003367	1	9
rs3217978	C/A	22007330	1	9
rs12376000	C/T	22039426	1	9
rs4977754	A/C	22062012	1	9
rs68006815	A/T	22083400	1	9
rs10738607	A/G	22088094	1	9
rs1556516	G/A/C	22100176	1	9
rs1537375	T/C/G	22116071	1	9
rs7045889	G/A	22133251	1	9
rs10811661	T/C	22134094	1	9
rs274945	A/C/T	23585741	1	9
rs2183825	T/C	28412375	1	9
rs1758632	C/G	34025640	1	9
rs1889937	G/A	71403106	1	9
rs17791483	A/G	81898980	1	9
rs2796441	G/A	84308948	1	9
rs11141731	C/T	89888472	1	9
rs10820855	T/C	94201341	1	9
rs7045409	T/A/C	95201540	1	9
rs10114341	T/C	96919182	1	9
rs181926698	C/T	97003069	1	9
rs368030	C/G/T	97540034	1	9
rs10821415	C/A	97713459	1	9
rs3780617	T/C	101816460	1	9
rs41283642	C/G/T	101915887	1	9
rs13284054	T/C	107669073	1	9
rs55932213	A/G	108755622	1	9
rs7020564	A/C/T	109670016	1	9
rs944172	C/T	110517794	1	9
rs6477694	C/T	111932342	1	9
rs7043304	C/G/T	112358150	1	9
rs6478105	G/A	117517185	1	9
rs7026596	C/T	117838093	1	9
rs1861881	G/A/T	119312256	1	9
rs1928295	T/C	120378483	1	9
rs2159778	G/A	123678129	1	9
rs885150	T/C	124420173	1	9
rs9409266	G/A	125745042	1	9
rs10986291	A/T	127016271	1	9
rs7023828	C/T	128498594	1	9
rs10733682	A/G/T	129460914	1	9
rs1891730	T/C	130309028	1	9
rs11539209	T/A/C	131483551	1	9
rs184457	G/A	131940019	1	9
rs7034195	A/C/G	131941309	1	9
rs687621	A/G/C	136137065	1	9
rs2519093	C/T	136141870	1	9
rs532436	G/A/T	136149830	1	9
rs600038	T/C	136151806	1	9
rs635634	C/T/A	136155000	1	9
rs56116178	A/G	136460224	1	9
rs11791358	C/T	136486764	1	9
rs3025383	T/C/G	136502369	1	9
rs2274115	A/G	139094773	1	9
rs11145807	A/G	139520789	1	9
rs56233017	G/A	144989490	1	HG104_HG975_PATCH
rs11606	C/G	54657619	1	HG1079_PATCH
rs34130368	C/A/T	47823014	1	HG1211_PATCH
rs1178979	T/C	72907057	1	HG1257_PATCH
rs34324971	A/G/T	74157999	1	HG1257_PATCH
rs35005436	C/A/G/T	74185549	1	HG1257_PATCH
rs113160991	A/C/G	74930021	1	HG1257_PATCH
rs6963105	G/A/C/T	74933179	1	HG1257_PATCH
rs1167827	G/A	74998805	1	HG1257_PATCH
rs41301394	C/T	75448442	1	HG1257_PATCH
rs72704264	G/C	146408195	1	HG1287_PATCH
rs79187193	G/A	148470135	1	HG1287_PATCH
rs1122967	C/G	150972841	1	HG1287_PATCH
rs2493394	A/G	120471224	1	HG1292_PATCH
rs2336939	T/A	206510388	1	HG1293_PATCH
rs11757455	G/A	112522853	1	HG1304_PATCH
rs13234269	T/A/G	130408081	1	HG1308_PATCH
rs34072724	G/A	130411364	1	HG1308_PATCH
rs1627764	T/G/A/C	29888204	1	HG1322_PATCH
rs7096563	A/G/T	133809328	1	HG1479_PATCH
rs117082632	T/C	122062534	1	HG1595_PATCH
rs6504213	T/C/G	62381714	1	HG183_PATCH
rs9892152	T/C	62401965	1	HG183_PATCH
rs1991401	A/G	62583677	1	HG183_PATCH
rs2074164	G/C	40274472	1	HG185_PATCH
rs73078636	G/A	51441304	1	HG186_PATCH
rs1528656	C/T	13992171	1	HG256_PATCH
rs1528652	T/A	13994474	1	HG256_PATCH
rs1528667	A/G/T	14033524	1	HG256_PATCH
rs117832548	A/T	14055347	1	HG256_PATCH
rs12361614	T/C	14129842	1	HG256_PATCH
rs543746207	A/G	14133657	1	HG256_PATCH
rs61883787	G/A	14140791	1	HG256_PATCH
rs7479680	A/C	14154712	1	HG256_PATCH
rs72860301	G/T	14187544	1	HG256_PATCH
rs4757238	A/G	14216675	1	HG256_PATCH
rs12146558	T/G	14237922	1	HG256_PATCH
rs7951630	T/A/G	14252729	1	HG256_PATCH
rs77245738	G/A	14298319	1	HG256_PATCH
rs113040208	C/A/T	14418295	1	HG256_PATCH
rs112280096	C/A	79367409	1	HG271_PATCH
rs7128707	T/A	112855354	1	HG306_PATCH
rs11197813	A/C/G	118523934	1	HG311_PATCH
rs687621	G/A/C	136137197	1	HG79_PATCH
rs2519093	T/C	136141991	1	HG79_PATCH
rs532436	A/G/T	136149949	1	HG79_PATCH
rs600038	C/T	136151889	1	HG79_PATCH
rs635634	T/A/C	136154962	1	HG79_PATCH
rs71467497	T/C	70471414	1	HG865_PATCH
rs147408527	C/T	70529949	1	HG865_PATCH
rs150348262	A/G	70993768	1	HG865_PATCH
rs78168201	C/A/T	71056208	1	HG865_PATCH
rs187606877	T/A	71138912	1	HG865_PATCH
rs117576073	C/A	14912573	-1	HG873_PATCH
rs147711692	C/T	14919359	-1	HG873_PATCH
rs11023393	C/T	14971805	-1	HG873_PATCH
rs567386699	C/T	14984380	-1	HG873_PATCH
rs145117134	T/C	14987887	-1	HG873_PATCH
rs34721062	A/T	15017944	-1	HG873_PATCH
rs76640332	T/C/G	44061075	1	HSCHR17_1
rs55938136	C/T	44453926	1	HSCHR17_1
rs1563304	T/C	45026678	1	HSCHR17_1
rs11606	G/C	54658102	1	HSCHR19LRC_COX1_CTG1
rs11606	C/G	54658102	1	HSCHR19LRC_PGF1_CTG1
rs11606	C/G	54658102	1	HSCHR19LRC_PGF2_CTG1
rs6511291	T/C	21959881	1	HSCHR19_2_CTG3
rs76181804	A/G	198613192	1	HSCHR1_3_CTG31
rs13392090	G/T	36586130	-1	HSCHR2_1_CTG1
rs145428422	G/A	69370628	1	HSCHR4_1
rs144708168	C/T	69371053	1	HSCHR4_1
rs146966517	T/G	69415853	1	HSCHR4_1
rs115582298	C/A/G/T	69475721	1	HSCHR4_1
rs1627764	T/G/A/C	29832811	1	HSCHR6_MHC_APD
rs3869098	A/C/G	31011035	1	HSCHR6_MHC_APD
rs2523865	A/C	31029759	1	HSCHR6_MHC_APD
rs2523699	A/G	31465181	1	HSCHR6_MHC_APD
rs144596166	C/G	31465673	1	HSCHR6_MHC_APD
rs3130922	A/G/T	31472399	1	HSCHR6_MHC_APD
rs34744948	G/C	31574088	1	HSCHR6_MHC_APD
rs707926	G/A/C	31760173	1	HSCHR6_MHC_APD
rs9267653	C/T	31851771	1	HSCHR6_MHC_APD
rs115699278	C/G/T	31872193	1	HSCHR6_MHC_APD
rs77619009	A/G	32121854	1	HSCHR6_MHC_APD
rs1265764	G/A	32324969	1	HSCHR6_MHC_APD
rs56673349	A/G	32358623	1	HSCHR6_MHC_APD
rs3806155	A/T	32384349	1	HSCHR6_MHC_APD
rs1136778	A/G	32476062	1	HSCHR6_MHC_APD
rs185320691	A/G/C	32476645	1	HSCHR6_MHC_APD
rs35520662	T/G	32732904	1	HSCHR6_MHC_APD
rs2071479	C/T	32764878	1	HSCHR6_MHC_APD
rs2621323	G/A	32772463	1	HSCHR6_MHC_APD
rs241440	T/C/G	32780969	1	HSCHR6_MHC_APD
rs4148870	T/C/G	32789996	1	HSCHR6_MHC_APD
rs4148882	A/G	32800565	1	HSCHR6_MHC_APD
rs113206908	T/C	32801635	1	HSCHR6_MHC_APD
rs1042337	A/G	32888568	1	HSCHR6_MHC_APD
rs13203715	A/G	32972196	1	HSCHR6_MHC_APD
rs3116995	T/G	33081414	1	HSCHR6_MHC_APD
rs1627764	T/G/A/C	29885868	1	HSCHR6_MHC_COX
rs114089979	C/T	30914314	1	HSCHR6_MHC_COX
rs11753326	T/C	30915685	1	HSCHR6_MHC_COX
rs3869098	A/C/G	30992271	1	HSCHR6_MHC_COX
rs2523865	C/A	31010986	1	HSCHR6_MHC_COX
rs1265099	G/A	31097931	1	HSCHR6_MHC_COX
rs3132558	G/C	31097984	1	HSCHR6_MHC_COX
rs2394948	G/C	31212570	1	HSCHR6_MHC_COX
rs35735140	T/C	31311334	1	HSCHR6_MHC_COX
rs2428494	A/T/C	31312682	1	HSCHR6_MHC_COX
rs1050486	T/C/G	31315186	1	HSCHR6_MHC_COX
rs9266226	A/G	31315683	1	HSCHR6_MHC_COX
rs530851257	C/A	31353068	1	HSCHR6_MHC_COX
rs2523699	G/A	31441331	1	HSCHR6_MHC_COX
rs144596166	C/G	31441823	1	HSCHR6_MHC_COX
rs3130922	G/A/T	31448555	1	HSCHR6_MHC_COX
rs746868	G/C/T	31527841	1	HSCHR6_MHC_COX
rs34744948	G/C	31550169	1	HSCHR6_MHC_COX
rs707926	G/A/C	31736187	1	HSCHR6_MHC_COX
rs9267653	C/T	31827965	1	HSCHR6_MHC_COX
rs115699278	C/G/T	31848382	1	HSCHR6_MHC_COX
rs644045	A/G	31871510	1	HSCHR6_MHC_COX
rs77619009	A/G	32058974	1	HSCHR6_MHC_COX
rs113547322	G/T	32155087	1	HSCHR6_MHC_COX
rs3134935	T/C	32158863	1	HSCHR6_MHC_COX
rs1265764	A/G	32262253	1	HSCHR6_MHC_COX
rs56673349	A/G	32295868	1	HSCHR6_MHC_COX
rs3806155	A/T	32321580	1	HSCHR6_MHC_COX
rs146003472	T/C	32338965	1	HSCHR6_MHC_COX
rs534819727	T/C	32409075	1	HSCHR6_MHC_COX
rs1136778	A/G	32416930	1	HSCHR6_MHC_COX
rs185320691	G/A/C	32417511	1	HSCHR6_MHC_COX
rs575662827	T/C	32473306	1	HSCHR6_MHC_COX
rs35511257	G/A/C	32474787	1	HSCHR6_MHC_COX
rs6910879	A/G	32492129	1	HSCHR6_MHC_COX
rs11751024	C/A	32514756	1	HSCHR6_MHC_COX
rs17843560	G/T	32537618	1	HSCHR6_MHC_COX
rs28374650	C/T	32548449	1	HSCHR6_MHC_COX
rs1063355	G/T	32550780	1	HSCHR6_MHC_COX
rs35520662	T/G	32671732	1	HSCHR6_MHC_COX
rs2071479	C/T	32703438	1	HSCHR6_MHC_COX
rs2621323	A/G	32711033	1	HSCHR6_MHC_COX
rs241440	C/G/T	32719686	1	HSCHR6_MHC_COX
rs4148870	C/G/T	32728715	1	HSCHR6_MHC_COX
rs4148882	G/A	32739282	1	HSCHR6_MHC_COX
rs113206908	T/C	32740354	1	HSCHR6_MHC_COX
rs1042337	G/A	32827301	1	HSCHR6_MHC_COX
rs429916	A/C	32900880	1	HSCHR6_MHC_COX
rs13203715	A/G	32910889	1	HSCHR6_MHC_COX
rs3116995	G/T	33019633	1	HSCHR6_MHC_COX
rs1627764	G/A/C/T	29885957	1	HSCHR6_MHC_DBB
rs114089979	C/T	30915333	1	HSCHR6_MHC_DBB
rs11753326	T/C	30916704	1	HSCHR6_MHC_DBB
rs3869098	A/C/G	30993509	1	HSCHR6_MHC_DBB
rs2523865	A/C	31012233	1	HSCHR6_MHC_DBB
rs1265099	A/G	31099154	1	HSCHR6_MHC_DBB
rs3132558	C/G	31099207	1	HSCHR6_MHC_DBB
rs2394948	G/C	31213730	1	HSCHR6_MHC_DBB
rs35735140	T/C	31302782	1	HSCHR6_MHC_DBB
rs2523699	A/G	31435808	1	HSCHR6_MHC_DBB
rs144596166	C/G	31436300	1	HSCHR6_MHC_DBB
rs3130922	G/A/T	31443108	1	HSCHR6_MHC_DBB
rs746868	G/C/T	31522571	1	HSCHR6_MHC_DBB
rs34744948	G/C	31544921	1	HSCHR6_MHC_DBB
rs707926	G/A/C	31731005	1	HSCHR6_MHC_DBB
rs9267653	T/C	31822600	1	HSCHR6_MHC_DBB
rs115699278	C/G/T	31843017	1	HSCHR6_MHC_DBB
rs644045	G/A	31866146	1	HSCHR6_MHC_DBB
rs28361032	A/G	31955202	1	HSCHR6_MHC_DBB
rs201740698	T/C	31957902	1	HSCHR6_MHC_DBB
rs77619009	A/G	32086286	1	HSCHR6_MHC_DBB
rs113547322	G/T	32182423	1	HSCHR6_MHC_DBB
rs3134935	C/T	32186158	1	HSCHR6_MHC_DBB
rs1265764	G/A	32289530	1	HSCHR6_MHC_DBB
rs56673349	A/G	32323156	1	HSCHR6_MHC_DBB
rs3806155	A/T	32348866	1	HSCHR6_MHC_DBB
rs146003472	T/C	32365470	1	HSCHR6_MHC_DBB
rs575662827	T/C	32514012	1	HSCHR6_MHC_DBB
rs35511257	G/A/C	32515568	1	HSCHR6_MHC_DBB
rs6910879	A/G	32536469	1	HSCHR6_MHC_DBB
rs11751024	A/C	32558662	1	HSCHR6_MHC_DBB
rs28383454	C/G/T	32587622	1	HSCHR6_MHC_DBB
rs17843560	G/T	32587639	1	HSCHR6_MHC_DBB
rs28374650	C/T	32600597	1	HSCHR6_MHC_DBB
rs1063355	G/T	32602954	1	HSCHR6_MHC_DBB
rs35520662	T/G	32727197	1	HSCHR6_MHC_DBB
rs2071479	C/T	32759241	1	HSCHR6_MHC_DBB
rs2621323	G/A	32766836	1	HSCHR6_MHC_DBB
rs241440	T/C/G	32775343	1	HSCHR6_MHC_DBB
rs4148870	T/C/G	32784370	1	HSCHR6_MHC_DBB
rs4148882	A/G	32794939	1	HSCHR6_MHC_DBB
rs113206908	T/C	32796009	1	HSCHR6_MHC_DBB
rs1042337	A/G	32882921	1	HSCHR6_MHC_DBB
rs429916	C/A	32956538	1	HSCHR6_MHC_DBB
rs13203715	A/G	32966547	1	HSCHR6_MHC_DBB
rs3116995	T/G	33075960	1	HSCHR6_MHC_DBB
rs1627764	T/G/A/C	29885202	1	HSCHR6_MHC_MANN
rs3869098	G/A/C	31047413	1	HSCHR6_MHC_MANN
rs2523865	A/C	31063410	1	HSCHR6_MHC_MANN
rs1265099	G/A	31150384	1	HSCHR6_MHC_MANN
rs3132558	G/C	31150437	1	HSCHR6_MHC_MANN
rs2394948	G/C	31265022	1	HSCHR6_MHC_MANN
rs35735140	T/C	31363904	1	HSCHR6_MHC_MANN
rs2428494	A/T/C	31365255	1	HSCHR6_MHC_MANN
rs1050486	T/C/G	31367759	1	HSCHR6_MHC_MANN
rs9266226	A/G	31368257	1	HSCHR6_MHC_MANN
rs530851257	C/A	31405633	1	HSCHR6_MHC_MANN
rs746868	C/G/T	31579916	1	HSCHR6_MHC_MANN
rs34744948	G/C	31602248	1	HSCHR6_MHC_MANN
rs77619009	A/G	32149961	1	HSCHR6_MHC_MANN
rs113547322	G/T	32246027	1	HSCHR6_MHC_MANN
rs3134935	T/C	32249768	1	HSCHR6_MHC_MANN
rs1265764	G/A	32353108	1	HSCHR6_MHC_MANN
rs56673349	A/G	32387065	1	HSCHR6_MHC_MANN
rs3806155	A/T	32412840	1	HSCHR6_MHC_MANN
rs146003472	T/C	32429432	1	HSCHR6_MHC_MANN
rs35511257	G/A/C	32690011	1	HSCHR6_MHC_MANN
rs6910879	A/G	32710902	1	HSCHR6_MHC_MANN
rs11751024	A/C	32733095	1	HSCHR6_MHC_MANN
rs28383454	C/G/T	32762055	1	HSCHR6_MHC_MANN
rs17843560	G/T	32762072	1	HSCHR6_MHC_MANN
rs28374650	C/T	32775046	1	HSCHR6_MHC_MANN
rs1063355	G/T	32779610	1	HSCHR6_MHC_MANN
rs35520662	T/G	32901821	1	HSCHR6_MHC_MANN
rs2621323	A/G	32942506	1	HSCHR6_MHC_MANN
rs241440	C/G/T	32951159	1	HSCHR6_MHC_MANN
rs4148870	C/G/T	32960191	1	HSCHR6_MHC_MANN
rs4148882	A/G	32970757	1	HSCHR6_MHC_MANN
rs113206908	T/C	32971829	1	HSCHR6_MHC_MANN
rs1042337	A/G	33058795	1	HSCHR6_MHC_MANN
rs429916	C/A	33132381	1	HSCHR6_MHC_MANN
rs3116995	T/G	33251916	1	HSCHR6_MHC_MANN
rs114089979	C/T	31003161	1	HSCHR6_MHC_MCF
rs11753326	T/C	31004532	1	HSCHR6_MHC_MCF
rs3869098	G/A/C	31081002	1	HSCHR6_MHC_MCF
rs2523865	A/C	31096999	1	HSCHR6_MHC_MCF
rs1265099	G/A	31183961	1	HSCHR6_MHC_MCF
rs3132558	G/C	31184014	1	HSCHR6_MHC_MCF
rs2394948	G/C	31298664	1	HSCHR6_MHC_MCF
rs35735140	C/T	31397232	1	HSCHR6_MHC_MCF
rs2428494	A/T/C	31398580	1	HSCHR6_MHC_MCF
rs1050486	T/C/G	31401097	1	HSCHR6_MHC_MCF
rs9266226	A/G	31401595	1	HSCHR6_MHC_MCF
rs2523699	G/A	31530262	1	HSCHR6_MHC_MCF
rs144596166	C/G	31530754	1	HSCHR6_MHC_MCF
rs3130922	G/A/T	31537455	1	HSCHR6_MHC_MCF
rs746868	G/C/T	31616736	1	HSCHR6_MHC_MCF
rs34744948	G/C	31639069	1	HSCHR6_MHC_MCF
rs707926	G/A/C	31825120	1	HSCHR6_MHC_MCF
rs9267653	C/T	31916890	1	HSCHR6_MHC_MCF
rs115699278	C/G/T	31937312	1	HSCHR6_MHC_MCF
rs644045	G/A	31960454	1	HSCHR6_MHC_MCF
rs201740698	C/T	32052163	1	HSCHR6_MHC_MCF
rs77619009	A/G	32186941	1	HSCHR6_MHC_MCF
rs113547322	G/T	32283068	1	HSCHR6_MHC_MCF
rs3134935	T/C	32286804	1	HSCHR6_MHC_MCF
rs1265764	G/A	32390154	1	HSCHR6_MHC_MCF
rs56673349	A/G	32423816	1	HSCHR6_MHC_MCF
rs3806155	A/T	32449543	1	HSCHR6_MHC_MCF
rs146003472	T/C	32466139	1	HSCHR6_MHC_MCF
rs17843560	G/T	32644788	1	HSCHR6_MHC_MCF
rs28374650	C/T	32656137	1	HSCHR6_MHC_MCF
rs1063355	G/T	32658492	1	HSCHR6_MHC_MCF
rs35520662	G/T	32781827	1	HSCHR6_MHC_MCF
rs2071479	C/T	32814616	1	HSCHR6_MHC_MCF
rs2621323	A/G	32822206	1	HSCHR6_MHC_MCF
rs241440	C/G/T	32830852	1	HSCHR6_MHC_MCF
rs4148870	T/C/G	32839869	1	HSCHR6_MHC_MCF
rs4148882	A/G	32850438	1	HSCHR6_MHC_MCF
rs113206908	T/C	32851508	1	HSCHR6_MHC_MCF
rs1042337	G/A	32938435	1	HSCHR6_MHC_MCF
rs429916	C/A	33012053	1	HSCHR6_MHC_MCF
rs13203715	A/G	33022054	1	HSCHR6_MHC_MCF
rs1627764	T/G/A/C	29885603	1	HSCHR6_MHC_QBL
rs114089979	C/T	30914190	1	HSCHR6_MHC_QBL
rs11753326	T/C	30915561	1	HSCHR6_MHC_QBL
rs3869098	A/C/G	30992511	1	HSCHR6_MHC_QBL
rs2523865	C/A	31011223	1	HSCHR6_MHC_QBL
rs1265099	A/G	31097862	1	HSCHR6_MHC_QBL
rs3132558	G/C	31097915	1	HSCHR6_MHC_QBL
rs2394948	G/C	31211386	1	HSCHR6_MHC_QBL
rs35735140	T/C	31310965	1	HSCHR6_MHC_QBL
rs2428494	T/A/C	31312316	1	HSCHR6_MHC_QBL
rs1050486	C/G/T	31314821	1	HSCHR6_MHC_QBL
rs9266226	G/A	31315318	1	HSCHR6_MHC_QBL
rs530851257	C/A	31352630	1	HSCHR6_MHC_QBL
rs2523699	A/G	31444178	1	HSCHR6_MHC_QBL
rs144596166	C/G	31444670	1	HSCHR6_MHC_QBL
rs3130922	A/G/T	31451392	1	HSCHR6_MHC_QBL
rs746868	G/C/T	31530668	1	HSCHR6_MHC_QBL
rs34744948	G/C	31553004	1	HSCHR6_MHC_QBL
rs9267653	T/C	31830807	1	HSCHR6_MHC_QBL
rs115699278	C/G/T	31851226	1	HSCHR6_MHC_QBL
rs644045	G/A	31874352	1	HSCHR6_MHC_QBL
rs28361032	A/G	31963409	1	HSCHR6_MHC_QBL
rs201740698	C/T	31966108	1	HSCHR6_MHC_QBL
rs77619009	A/G	32068133	1	HSCHR6_MHC_QBL
rs113547322	G/T	32164224	1	HSCHR6_MHC_QBL
rs3134935	C/T	32167967	1	HSCHR6_MHC_QBL
rs1265764	G/A	32271465	1	HSCHR6_MHC_QBL
rs56673349	A/G	32305106	1	HSCHR6_MHC_QBL
rs3806155	A/T	32330835	1	HSCHR6_MHC_QBL
rs146003472	T/C	32348234	1	HSCHR6_MHC_QBL
rs1136778	A/G	32422589	1	HSCHR6_MHC_QBL
rs185320691	A/G/C	32423172	1	HSCHR6_MHC_QBL
rs575662827	T/C	32478562	1	HSCHR6_MHC_QBL
rs35511257	G/A/C	32480043	1	HSCHR6_MHC_QBL
rs6910879	A/G	32497395	1	HSCHR6_MHC_QBL
rs11751024	C/A	32520023	1	HSCHR6_MHC_QBL
rs17843560	T/G	32542884	1	HSCHR6_MHC_QBL
rs28374650	C/T	32553710	1	HSCHR6_MHC_QBL
rs1063355	G/T	32556041	1	HSCHR6_MHC_QBL
rs35520662	T/G	32676746	1	HSCHR6_MHC_QBL
rs2621323	A/G	32717417	1	HSCHR6_MHC_QBL
rs241440	C/G/T	32726070	1	HSCHR6_MHC_QBL
rs4148870	C/G/T	32735102	1	HSCHR6_MHC_QBL
rs4148882	A/G	32745668	1	HSCHR6_MHC_QBL
rs113206908	T/C	32746740	1	HSCHR6_MHC_QBL
rs1042337	A/G	32833711	1	HSCHR6_MHC_QBL
rs429916	C/A	32907283	1	HSCHR6_MHC_QBL
rs13203715	A/G	32917297	1	HSCHR6_MHC_QBL
rs3116995	T/G	33026823	1	HSCHR6_MHC_QBL
rs1627764	G/A/C/T	29884745	1	HSCHR6_MHC_SSTO
rs3869098	G/A/C	30993850	1	HSCHR6_MHC_SSTO
rs2523865	C/A	31012568	1	HSCHR6_MHC_SSTO
rs2394948	G/C	31214153	1	HSCHR6_MHC_SSTO
rs35735140	T/C	31313747	1	HSCHR6_MHC_SSTO
rs2428494	A/T/C	31315098	1	HSCHR6_MHC_SSTO
rs1050486	T/C/G	31317602	1	HSCHR6_MHC_SSTO
rs9266226	A/G	31318100	1	HSCHR6_MHC_SSTO
rs530851257	C/A	31355520	1	HSCHR6_MHC_SSTO
rs2523699	A/G	31443781	1	HSCHR6_MHC_SSTO
rs144596166	C/G	31444273	1	HSCHR6_MHC_SSTO
rs3130922	G/A/T	31451029	1	HSCHR6_MHC_SSTO
rs746868	C/G/T	31530372	1	HSCHR6_MHC_SSTO
rs34744948	G/C	31552706	1	HSCHR6_MHC_SSTO
rs707926	G/A/C	31738774	1	HSCHR6_MHC_SSTO
rs9267653	C/T	31832299	1	HSCHR6_MHC_SSTO
rs644045	G/A	31875858	1	HSCHR6_MHC_SSTO
rs28361032	G/A	31964868	1	HSCHR6_MHC_SSTO
rs201740698	C/T	31967568	1	HSCHR6_MHC_SSTO
rs77619009	A/G	32117381	1	HSCHR6_MHC_SSTO
rs113547322	G/T	32213490	1	HSCHR6_MHC_SSTO
rs3134935	T/C	32217234	1	HSCHR6_MHC_SSTO
rs1265764	G/A	32320577	1	HSCHR6_MHC_SSTO
rs56673349	A/G	32354240	1	HSCHR6_MHC_SSTO
rs3806155	A/T	32379967	1	HSCHR6_MHC_SSTO
rs146003472	T/C	32396563	1	HSCHR6_MHC_SSTO
rs6910879	A/G	32656415	1	HSCHR6_MHC_SSTO
rs11751024	C/A	32678974	1	HSCHR6_MHC_SSTO
rs17843560	G/T	32701909	1	HSCHR6_MHC_SSTO
rs28374650	C/T	32713259	1	HSCHR6_MHC_SSTO
rs1063355	G/T	32715608	1	HSCHR6_MHC_SSTO
rs35520662	T/G	32838841	1	HSCHR6_MHC_SSTO
rs2071479	C/T	32871187	1	HSCHR6_MHC_SSTO
rs2621323	G/A	32878772	1	HSCHR6_MHC_SSTO
rs241440	T/C/G	32887278	1	HSCHR6_MHC_SSTO
rs4148870	T/C/G	32896304	1	HSCHR6_MHC_SSTO
rs4148882	A/G	32906873	1	HSCHR6_MHC_SSTO
rs113206908	T/C	32907943	1	HSCHR6_MHC_SSTO
rs1042337	G/A	32994877	1	HSCHR6_MHC_SSTO
rs429916	C/A	33118444	1	HSCHR6_MHC_SSTO
rs13203715	A/G	33128455	1	HSCHR6_MHC_SSTO
rs3116995	T/G	33237358	1	HSCHR6_MHC_SSTO
